Year,Month,DayofMonth,DayOfWeek,DepTime,CRSDepTime,ArrTime,CRSArrTime,UniqueCarrier,FlightNum,TailNum,ActualElapsedTime,CRSElapsedTime,AirTime,ArrDelay,DepDelay,Origin,Dest,Distance,TaxiIn,TaxiOut,Cancelled,Diverted
2001,10,27,6,1629.0,1610,1735.0,1725,MQ,4649,-N232M,66.0,75,50.0,10.0,19.0,BGR,BOS,201,4,12,0,0
2001,10,1,1,1700.0,1700,1755.0,1755,WN,44,N92@@@,55.0,55,41.0,0.0,0.0,HOU,DAL,239,4,10,0,0
2001,1,17,3,1138.0,1115,1227.0,1214,UA,2442,N917ä1,49.0,59,34.0,13.0,23.0,SFO,RNO,192,4,11,0,0
2001,9,20,4,2015.0,2015,2138.0,2110,WN,126,N613@@,83.0,55,68.0,28.0,0.0,DAL,IAH,217,8,7,0,0
2001,10,24,3,1329.0,1330,1428.0,1444,DL,1755,N37373,59.0,74,42.0,-16.0,-1.0,LGA,DCA,214,3,14,0,0
2001,10,30,2,952.0,950,1437.0,1500,US,2134,N120äæ,225.0,250,200.0,-23.0,2.0,PHL,STT,1605,3,22,0,0
2001,12,8,6,933.0,940,1126.0,1136,US,1151,N336äâ,113.0,116,85.0,-10.0,-7.0,CLT,SYR,603,4,24,0,0
2001,8,31,5,840.0,838,948.0,956,AA,1721,N2AçA1,68.0,78,52.0,-8.0,2.0,ORD,STL,258,4,12,0,0
2001,3,9,5,1112.0,1115,1316.0,1312,US,1953,N801äâ,124.0,117,102.0,4.0,-3.0,CLT,RSW,600,4,18,0,0
2001,8,6,1,1038.0,950,1126.0,1050,DL,1263,N533D1,108.0,120,90.0,36.0,48.0,ATL,IAH,689,7,11,0,0
2001,11,7,3,1403.0,1245,1622.0,1511,AA,1953,N291A1,199.0,206,161.0,71.0,78.0,BWI,DFW,1217,14,24,0,0
2001,6,7,4,1529.0,1530,1630.0,1632,UA,1590,N7270ä,61.0,62,33.0,-2.0,-1.0,ORD,IND,177,12,16,0,0
2001,7,20,5,1755.0,1800,2002.0,2023,US,1473,N575äâ,127.0,143,99.0,-21.0,-5.0,BOS,CLT,728,3,25,0,0
2001,10,9,2,1243.0,1245,1558.0,1604,UA,1232,N516ä1,135.0,139,110.0,-6.0,-2.0,DEN,IND,977,13,12,0,0
2001,4,10,2,1958.0,1935,2156.0,2144,US,1542,N855äâ,58.0,69,47.0,12.0,23.0,SBN,PIT,328,5,6,0,0
2001,2,9,5,714.0,715,1017.0,953,AA,2413,N203A1,183.0,158,142.0,24.0,-1.0,MSP,DFW,852,11,30,0,0
2001,7,31,2,625.0,630,722.0,730,MQ,4622,-N317M,57.0,60,37.0,-8.0,-5.0,ISP,BOS,153,7,13,0,0
2001,8,1,3,1235.0,1235,1400.0,1400,WN,1706,N527@@,85.0,85,70.0,0.0,0.0,PDX,SMF,479,5,10,0,0
2001,8,19,7,610.0,610,704.0,705,MQ,4048,-N615M,114.0,115,99.0,-1.0,0.0,GSO,ORD,590,5,10,0,0
2001,8,25,6,1228.0,1155,1343.0,1330,UA,1277,N990ä1,75.0,95,57.0,13.0,33.0,ORD,OMA,416,2,16,0,0
2001,3,3,6,2045.0,2045,2223.0,2224,DL,797,-N108D,98.0,99,73.0,-1.0,0.0,SLC,PHX,507,8,17,0,0
2001,9,2,7,1052.0,1055,1320.0,1335,CO,463,N18622,148.0,160,135.0,-15.0,-3.0,CLE,PBI,1020,3,10,0,0
2001,1,20,6,934.0,930,1009.0,1008,AQ,103,-N808A,35.0,38,29.0,1.0,4.0,KOA,HNL,163,4,2,0,0
2001,6,3,7,1001.0,1000,1049.0,1055,MQ,3073,-N358M,48.0,55,31.0,-6.0,1.0,SAN,LAX,109,5,12,0,0
2001,5,27,7,1556.0,1600,2344.0,2359,HP,64,N808Aæ,288.0,299,269.0,-15.0,-4.0,LAS,BOS,2381,7,12,0,0
2001,3,8,4,815.0,815,818.0,815,DL,1428,-N606D,63.0,60,43.0,3.0,0.0,ATL,BNA,214,6,14,0,0
2001,11,15,4,1520.0,1510,1703.0,1705,WN,294,N770@@,103.0,115,88.0,-2.0,10.0,OAK,SEA,671,3,12,0,0
2001,9,21,5,1205.0,1205,1315.0,1330,WN,1064,N609@@,130.0,145,123.0,-15.0,0.0,MCO,STL,880,2,5,0,0
2001,12,1,6,1845.0,1845,2007.0,2020,WN,612,N358@@,82.0,95,70.0,-13.0,0.0,SLC,PHX,507,4,8,0,0
2001,7,27,5,1912.0,1906,2034.0,2027,HP,830,N822Aæ,82.0,81,57.0,7.0,6.0,PHX,LGB,355,6,19,0,0
2001,7,18,3,1752.0,1720,1926.0,1853,UA,1275,N587ä1,154.0,153,123.0,33.0,32.0,PVD,ORD,849,8,23,0,0
2001,8,13,1,1705.0,1700,1817.0,1758,US,2136,N520Aä,72.0,58,39.0,19.0,5.0,CHS,CLT,168,16,17,0,0
2001,3,22,4,828.0,830,1317.0,1324,AA,1294,N442A1,169.0,174,142.0,-7.0,-2.0,ONT,DFW,1189,17,10,0,0
2001,2,19,1,1830.0,1825,1900.0,1853,AQ,116,-N819A,30.0,28,23.0,7.0,5.0,LIH,HNL,102,3,4,0,0
2001,4,24,2,1238.0,1205,1319.0,1259,NW,1676,N89115,101.0,114,81.0,20.0,33.0,DTW,DSM,534,3,17,0,0
2001,1,22,1,558.0,600,711.0,722,US,1283,N746äæ,73.0,82,58.0,-11.0,-2.0,BWI,CLT,361,5,10,0,0
2001,3,17,6,1354.0,1357,1530.0,1517,NW,1556,N752Næ,96.0,80,53.0,13.0,-3.0,DTW,SYR,374,6,37,0,0
2001,4,21,6,928.0,900,1038.0,1017,MQ,4104,-N646M,70.0,77,56.0,21.0,28.0,EVV,ORD,273,5,9,0,0
2001,10,28,7,1116.0,1125,1242.0,1306,TW,279,N424ãæ,86.0,101,65.0,-24.0,-9.0,MSP,STL,449,3,18,0,0
2001,10,12,5,1158.0,1145,1551.0,1518,CO,644,N38727,173.0,153,129.0,33.0,13.0,IAH,CLE,1091,4,40,0,0
2001,11,1,4,719.0,705,743.0,735,MQ,3503,-N420M,24.0,30,18.0,8.0,14.0,SJU,STT,68,2,4,0,0
2001,9,22,6,709.0,715,825.0,844,MQ,4148,-N621M,76.0,89,60.0,-19.0,-6.0,OMA,ORD,416,6,10,0,0
2001,1,31,3,657.0,700,848.0,843,DL,1511,N175Dé,111.0,103,80.0,5.0,-3.0,ATL,MIA,595,12,19,0,0
2001,10,1,1,557.0,600,637.0,654,HP,487,N172Aæ,100.0,114,88.0,-17.0,-3.0,DEN,PHX,602,4,8,0,0
2001,6,27,3,1834.0,1828,2006.0,2009,AA,2878,N401A1,92.0,101,80.0,-3.0,6.0,SJC,PDX,569,5,7,0,0
2001,7,5,4,1701.0,1706,1758.0,1803,AS,93,N607Aâ,57.0,57,39.0,-5.0,-5.0,ANC,FAI,261,6,12,0,0
2001,10,18,4,1802.0,1752,2250.0,2244,AA,1004,N289A1,168.0,172,149.0,6.0,10.0,LAX,TUL,1283,5,14,0,0
2001,11,25,7,600.0,600,800.0,754,DL,401,N291æ1,120.0,114,107.0,6.0,0.0,ALB,CVG,623,5,8,0,0
2001,8,1,3,817.0,820,1108.0,1110,DL,2315,N310D1,171.0,170,147.0,-2.0,-3.0,BDL,TPA,1111,9,15,0,0
2001,2,24,6,1923.0,1800,2216.0,1914,AA,1520,N2BJA1,173.0,74,48.0,182.0,83.0,STL,ORD,258,10,115,0,0
2001,3,31,6,1555.0,1540,1826.0,1811,DL,1932,-N667D,151.0,151,110.0,15.0,15.0,ATL,BOS,946,5,36,0,0
2001,4,1,7,1956.0,1925,2104.0,2030,WN,2187,N675@@,68.0,65,55.0,34.0,31.0,LAX,SJC,308,4,9,0,0
2001,4,2,1,730.0,732,816.0,815,HP,431,N181Aæ,46.0,43,25.0,1.0,-2.0,PHX,TUS,110,4,17,0,0
2001,10,17,3,1147.0,1154,1417.0,1430,AA,1550,N3CRA1,150.0,156,130.0,-13.0,-7.0,SJU,MIA,1045,10,10,0,0
2001,9,10,1,1747.0,1748,2212.0,2208,HP,548,N174Aæ,145.0,140,117.0,4.0,-1.0,PHX,DFW,868,3,25,0,0
2001,6,11,1,1620.0,1616,2142.0,2142,AA,2400,N249A1,202.0,206,179.0,0.0,4.0,SJC,DFW,1438,7,16,0,0
2001,1,12,5,1945.0,1935,1939.0,1940,WN,1922,N337@@,54.0,65,46.0,-1.0,10.0,CMH,MDW,284,2,6,0,0
2001,10,7,7,954.0,955,1154.0,1157,DL,481,-N984D,120.0,122,96.0,-3.0,-1.0,EWR,CVG,569,4,20,0,0
2001,4,2,1,1140.0,1130,1336.0,1317,DL,1466,N735D@,116.0,107,86.0,19.0,10.0,FLL,ATL,581,11,19,0,0
2001,3,15,4,1423.0,1315,2028.0,1917,AA,756,N437A1,245.0,242,210.0,71.0,68.0,SAN,ORD,1723,7,28,0,0
2001,10,3,3,1830.0,1815,2124.0,2120,DL,2388,-N323D,174.0,185,159.0,4.0,15.0,FLL,BDL,1173,4,11,0,0
2001,2,28,3,2101.0,1945,2334.0,2213,CO,1543,N16732,273.0,268,250.0,81.0,76.0,CLE,PHX,1737,5,18,0,0
2001,1,16,2,2153.0,2200,2328.0,2342,DL,581,-N131D,95.0,102,72.0,-14.0,-7.0,ATL,RSW,515,4,19,0,0
2001,12,14,5,1052.0,1030,1202.0,1130,NW,277,N914Ræ,130.0,120,111.0,32.0,22.0,DTW,MEM,610,5,14,0,0
2001,10,22,1,1013.0,1010,1130.0,1138,DL,1480,-N993D,137.0,148,118.0,-8.0,3.0,ATL,OMA,821,4,15,0,0
2001,10,7,7,547.0,550,636.0,648,TW,166,N921ãæ,49.0,58,34.0,-12.0,-3.0,MCI,STL,237,4,11,0,0
2001,2,10,6,834.0,834,1006.0,1008,TW,95,N921L@,92.0,94,77.0,-2.0,0.0,STL,OKC,462,4,11,0,0
2001,5,5,6,1254.0,1300,1404.0,1417,UA,2608,N373ä1,70.0,77,54.0,-13.0,-6.0,PHX,LAX,370,4,12,0,0
2001,6,3,7,2023.0,2025,2306.0,2311,AA,1792,N218A1,103.0,106,78.0,-5.0,-2.0,ORD,SYR,607,5,20,0,0
2001,12,7,5,1224.0,1228,1510.0,1505,AA,1530,N2DEA1,106.0,97,80.0,5.0,-4.0,ELP,DFW,551,13,13,0,0
2001,3,26,1,955.0,900,1200.0,1120,DL,799,N539D1,125.0,140,99.0,40.0,55.0,ROC,ATL,749,6,20,0,0
2001,3,8,4,46.0,45,617.0,612,DL,1276,N2813æ,211.0,207,194.0,5.0,1.0,SEA,DFW,1660,3,14,0,0
2001,7,1,7,1645.0,1635,1811.0,1758,DL,2229,N37354,86.0,83,66.0,13.0,10.0,ATL,MCO,403,7,13,0,0
2001,12,10,1,2347.0,2355,524.0,554,US,176,N182äæ,217.0,239,195.0,-30.0,-8.0,PHX,PIT,1813,7,15,0,0
2001,5,3,4,1745.0,1717,1744.0,1726,UA,1281,N7263ä,59.0,69,40.0,18.0,28.0,DAY,ORD,240,4,15,0,0
2001,6,5,2,1525.0,1532,1606.0,1615,US,1122,-N918å,41.0,43,24.0,-9.0,-7.0,ERI,PIT,109,5,12,0,0
2001,11,29,4,1455.0,1455,1655.0,1700,WN,1200,N505@@,60.0,65,47.0,-5.0,0.0,ONT,PHX,325,5,8,0,0
2001,1,15,1,655.0,645,822.0,818,US,109,N744äæ,87.0,93,72.0,4.0,10.0,BDL,PIT,406,6,9,0,0
2001,12,15,6,544.0,550,727.0,734,DL,1419,-N958D,103.0,104,83.0,-7.0,-6.0,CLE,ATL,554,6,14,0,0
2001,11,6,2,1820.0,1815,2055.0,2133,HP,813,N913Aæ,275.0,318,258.0,-38.0,5.0,BWI,PHX,1999,5,12,0,0
2001,3,21,3,2359.0,2359,729.0,742,UA,204,N573ä1,270.0,283,249.0,-13.0,0.0,LAX,IAD,2288,6,15,0,0
2001,6,13,3,747.0,745,855.0,905,UA,2804,N372ä1,68.0,80,56.0,-10.0,2.0,SLC,DEN,391,5,7,0,0
2001,6,18,1,921.0,920,1315.0,1315,US,382,N374äâ,174.0,175,153.0,0.0,1.0,IAH,PIT,1117,10,11,0,0
2001,5,20,7,1747.0,1752,1847.0,1902,UA,2224,N922ä1,60.0,70,50.0,-15.0,-5.0,BUR,SFO,326,2,8,0,0
2001,11,3,6,732.0,730,1002.0,943,AA,908,N722A1,210.0,193,142.0,19.0,2.0,MIA,DFW,1121,54,14,0,0
2001,8,24,5,1321.0,1325,1454.0,1500,AA,1807,N595A1,153.0,155,131.0,-6.0,-4.0,CLT,DFW,936,13,9,0,0
2001,2,14,3,1052.0,1025,1225.0,1145,WN,930,N92@@@,93.0,80,81.0,40.0,27.0,MDW,MCI,405,4,8,0,0
2001,12,16,7,638.0,640,753.0,744,NW,273,N718R3,135.0,124,115.0,9.0,-2.0,DTW,MEM,610,8,12,0,0
2001,2,1,4,1246.0,1250,1535.0,1551,US,895,N800äâ,109.0,121,96.0,-16.0,-4.0,MCI,CLT,809,4,9,0,0
2001,6,2,6,1121.0,1118,1227.0,1229,UA,2214,N301ä1,66.0,71,52.0,-2.0,3.0,BUR,SFO,326,4,10,0,0
2001,7,12,4,1335.0,1335,1556.0,1603,DL,1496,N535D1,141.0,148,126.0,-7.0,0.0,TPA,LGA,1011,7,8,0,0
2001,6,17,7,1457.0,1440,1649.0,1630,WN,1562,N525@@,112.0,110,98.0,19.0,17.0,OAK,PHX,646,7,7,0,0
2001,1,21,7,2047.0,2100,2122.0,2134,DL,1656,N546D1,35.0,34,20.0,-12.0,-13.0,SAT,AUS,66,6,9,0,0
2001,4,10,2,1036.0,1040,1133.0,1144,DL,1908,-N376D,57.0,64,43.0,-11.0,-4.0,TLH,ATL,223,5,9,0,0
2001,10,6,6,120.0,130,638.0,632,CO,126,N18112,198.0,182,165.0,6.0,-10.0,LAX,IAH,1379,14,19,0,0
2001,3,29,4,2100.0,2030,2244.0,2159,MQ,4472,-N736M,104.0,89,77.0,45.0,30.0,CLE,LGA,418,12,15,0,0
2001,5,30,3,1314.0,1305,1555.0,1600,DL,1898,-N648D,101.0,115,80.0,-5.0,9.0,SEA,SLC,689,6,15,0,0
2001,11,5,1,1650.0,1640,2310.0,2259,DL,2166,N37452,260.0,259,234.0,11.0,10.0,SLC,EWR,1968,9,17,0,0
2001,5,22,2,1230.0,1230,1401.0,1340,DL,1833,N37363,91.0,70,45.0,21.0,0.0,BOS,LGA,185,3,43,0,0
2001,7,16,1,1945.0,1945,2212.0,2215,WN,1904,N340@@,87.0,90,68.0,-3.0,0.0,STL,DTW,440,12,7,0,0
2001,9,26,3,1528.0,1533,1640.0,1705,CO,795,N26210,192.0,212,172.0,-25.0,-5.0,IAH,LAX,1379,6,14,0,0
2001,5,24,4,1627.0,1620,1935.0,1917,DL,181,-N136D,188.0,177,150.0,18.0,7.0,LGA,PBI,1035,5,33,0,0
2001,4,11,3,1646.0,1640,1944.0,1938,NW,260,N312äâ,118.0,118,94.0,6.0,6.0,MEM,DCA,762,6,18,0,0
2001,4,13,5,825.0,750,912.0,830,WN,938,N748@@,47.0,40,20.0,42.0,35.0,PVD,ISP,108,12,15,0,0
2001,2,27,2,601.0,600,710.0,715,UA,400,N555ä1,69.0,75,50.0,-5.0,1.0,ABQ,DEN,349,9,10,0,0
2001,2,21,3,1603.0,1556,1732.0,1739,AA,391,N233A1,149.0,163,128.0,-7.0,7.0,DFW,PHX,868,7,14,0,0
2001,2,23,5,659.0,700,905.0,855,DL,433,-N652D,126.0,115,92.0,10.0,-1.0,ORF,ATL,516,11,23,0,0
2001,4,22,7,1130.0,1121,1232.0,1225,UA,1094,N985ä1,62.0,64,36.0,7.0,9.0,CID,ORD,196,19,7,0,0
2001,4,5,4,2018.0,1904,2241.0,2144,UA,65,N672ä1,323.0,340,298.0,57.0,74.0,LAX,HNL,2556,4,21,0,0
2001,5,19,6,1525.0,1530,1747.0,1758,DL,2076,N537D1,82.0,88,73.0,-11.0,-5.0,MSY,TPA,487,4,5,0,0
2001,11,21,3,2135.0,2145,2214.0,2220,MQ,3568,-N288M,39.0,35,24.0,-6.0,-10.0,SJU,MAZ,76,5,10,0,0
2001,8,26,7,1102.0,1105,1607.0,1604,US,124,N119äæ,185.0,179,162.0,3.0,-3.0,DEN,CLT,1337,11,12,0,0
2001,2,22,4,1152.0,1200,1305.0,1308,US,1925,N396äâ,73.0,68,58.0,-3.0,-8.0,BUF,DCA,296,6,9,0,0
2001,4,10,2,842.0,845,1004.0,1017,US,1944,N600Aä,82.0,92,64.0,-13.0,-3.0,CLT,PHL,448,6,12,0,0
2001,10,5,5,709.0,700,903.0,907,DL,1539,N178Dé,114.0,127,87.0,-4.0,9.0,MIA,ATL,595,12,15,0,0
2001,5,25,5,942.0,933,1128.0,1059,US,1523,N384äâ,106.0,86,57.0,29.0,9.0,CLT,PIT,366,5,44,0,0
2001,7,5,4,2138.0,2055,57.0,26,UA,1026,N540ä1,139.0,151,120.0,31.0,43.0,ORD,MCO,1005,6,13,0,0
2001,10,18,4,1623.0,1627,2042.0,2101,HP,554,N325Aæ,139.0,154,121.0,-19.0,-4.0,LAS,DFW,1055,4,14,0,0
2001,12,1,6,655.0,655,730.0,745,WN,2287,N731@@,35.0,50,27.0,-15.0,0.0,MCO,PBI,142,4,4,0,0
2001,11,20,2,1208.0,1210,1313.0,1313,US,933,N821äâ,65.0,63,44.0,0.0,-2.0,DCA,PIT,205,7,14,0,0
2001,10,7,7,1047.0,1034,1331.0,1329,AA,731,N242A1,224.0,235,190.0,2.0,13.0,LGA,DFW,1389,18,16,0,0
2001,12,10,1,1106.0,1105,1201.0,1213,AA,1023,N416A1,55.0,68,37.0,-12.0,1.0,DFW,SAT,247,6,12,0,0
2001,5,20,7,721.0,725,747.0,741,UA,1733,N409ä1,86.0,76,57.0,6.0,-4.0,CLE,ORD,316,8,21,0,0
2001,2,28,3,550.0,550,808.0,757,TW,253,N954ä@,198.0,187,176.0,11.0,0.0,BOS,STL,1046,7,15,0,0
2001,4,29,7,839.0,840,853.0,851,DL,1419,-N922D,74.0,71,45.0,2.0,-1.0,ATL,PNS,272,4,25,0,0
2001,3,6,2,1147.0,1141,1539.0,1519,US,307,N430äâ,172.0,158,146.0,20.0,6.0,DFW,PIT,1068,11,15,0,0
2001,6,27,3,1524.0,1520,1625.0,1644,CO,1685,N10801,121.0,144,87.0,-19.0,4.0,EWR,IND,644,10,24,0,0
2001,1,4,4,1731.0,1733,2026.0,2023,HP,2037,N906Aæ,115.0,110,100.0,3.0,-2.0,SFO,PHX,651,5,10,0,0
2001,8,31,5,2024.0,1840,2141.0,1930,MQ,4762,-N243M,77.0,50,26.0,131.0,104.0,BOS,PWM,95,9,42,0,0
2001,8,28,2,1424.0,1420,1634.0,1614,DL,949,-N610D,130.0,114,109.0,20.0,4.0,PBI,ATL,545,9,12,0,0
2001,3,17,6,1320.0,1320,1559.0,1613,UA,63,N550ä1,339.0,353,319.0,-14.0,0.0,IAD,SFO,2419,5,15,0,0
2001,9,23,7,1931.0,1936,2117.0,2104,CO,1852,N14601,106.0,88,65.0,13.0,-5.0,IAH,PNS,489,2,39,0,0
2001,4,2,1,1606.0,1609,1731.0,1729,MQ,3511,-N391M,85.0,80,55.0,2.0,-3.0,DFW,SJT,228,4,26,0,0
2001,2,19,1,750.0,755,1004.0,1015,AA,826,N559A1,134.0,140,116.0,-11.0,-5.0,MSY,ORD,837,10,8,0,0
2001,7,14,6,1442.0,1440,1503.0,1508,DL,2161,N104D1,81.0,88,66.0,-5.0,2.0,ATL,MSY,425,3,12,0,0
2001,6,14,4,713.0,715,851.0,913,TW,122,N413ãæ,98.0,118,89.0,-22.0,-2.0,IAH,STL,668,2,7,0,0
2001,3,7,3,1200.0,1200,1330.0,1340,WN,1000,N388@@,90.0,100,80.0,-10.0,0.0,BWI,SDF,495,2,8,0,0
2001,5,5,6,1438.0,1345,1610.0,1533,US,1053,N724äæ,152.0,168,124.0,37.0,53.0,CLT,DFW,936,9,19,0,0
2001,5,15,2,718.0,715,1312.0,1325,UA,1866,N829ä1,234.0,250,214.0,-13.0,3.0,SJC,ORD,1829,4,16,0,0
2001,5,14,1,1903.0,1903,2144.0,2147,HP,587,N182Aæ,161.0,164,147.0,-3.0,0.0,PHX,GEG,1020,4,10,0,0
2001,10,27,6,1025.0,1025,1134.0,1140,WN,2060,N689@@,69.0,75,60.0,-6.0,0.0,LAX,SMF,373,4,5,0,0
2001,3,13,2,640.0,640,743.0,745,WN,254,N635@@,63.0,65,52.0,-2.0,0.0,FLL,JAX,318,3,8,0,0
2001,4,17,2,1126.0,1129,1358.0,1402,HP,546,N324Aæ,152.0,153,135.0,-4.0,-3.0,PDX,PHX,1009,8,9,0,0
2001,4,11,3,1434.0,1435,1606.0,1612,AS,348,N615Aâ,92.0,97,75.0,-6.0,-1.0,PDX,OAK,543,6,11,0,0
2001,4,23,1,1700.0,1700,1833.0,1821,NW,1220,N769N3,93.0,81,54.0,12.0,0.0,DTW,SDF,306,6,33,0,0
2001,12,12,3,705.0,710,707.0,721,UA,451,N314ä1,62.0,71,42.0,-14.0,-5.0,DTW,ORD,235,5,15,0,0
2001,7,1,7,1343.0,1318,1451.0,1430,UA,2536,N929ä1,68.0,72,41.0,21.0,25.0,LAS,LAX,236,8,19,0,0
2001,3,23,5,2220.0,2200,2352.0,2324,DL,807,-N650D,92.0,84,52.0,28.0,20.0,LAX,SFO,337,9,31,0,0
2001,10,15,1,1917.0,1914,2210.0,2213,MQ,4169,-N610M,113.0,119,93.0,-3.0,3.0,ORD,RIC,642,8,12,0,0
2001,1,26,5,1447.0,1440,1609.0,1556,MQ,3827,-N627M,82.0,76,61.0,13.0,7.0,DFW,CRP,354,4,17,0,0
2001,1,1,1,2006.0,1950,2142.0,2137,MQ,4265,-N618M,96.0,107,75.0,5.0,16.0,ORD,MEM,491,5,16,0,0
2001,4,30,1,1749.0,1745,1909.0,1857,DL,1289,-N943D,140.0,132,102.0,12.0,4.0,ATL,IAH,689,10,28,0,0
2001,3,5,1,1357.0,1402,1406.0,1420,UA,1027,N986ä1,69.0,78,53.0,-14.0,-5.0,CVG,ORD,264,5,11,0,0
2001,10,29,1,1019.0,1015,1200.0,1205,DL,2107,N37554,101.0,110,76.0,-5.0,4.0,IAD,ATL,533,8,17,0,0
2001,8,8,3,746.0,750,901.0,854,US,1269,N855äâ,75.0,64,41.0,7.0,-4.0,PIT,ROC,224,7,27,0,0
2001,5,13,7,2301.0,2310,26.0,55,MQ,5105,-N278M,85.0,105,62.0,-29.0,-9.0,JFK,ROC,264,10,13,0,0
2001,6,6,3,738.0,740,933.0,937,DL,1230,N522D1,115.0,117,95.0,-4.0,-2.0,ATL,PHL,665,7,13,0,0
2001,6,7,4,1107.0,1112,1335.0,1341,CO,356,N12811,148.0,149,119.0,-6.0,-5.0,DAB,EWR,884,5,24,0,0
2001,12,24,1,1326.0,1330,1847.0,1857,UA,426,N547ä1,201.0,207,181.0,-10.0,-4.0,DEN,EWR,1605,6,14,0,0
2001,12,15,6,741.0,713,1115.0,1038,NW,326,N986äâ,154.0,145,123.0,37.0,28.0,MSP,DCA,931,6,25,0,0
2001,8,13,1,2228.0,2230,2350.0,2350,US,374,N808äâ,82.0,80,57.0,0.0,-2.0,CLT,PIT,366,8,17,0,0
2001,4,14,6,1514.0,1520,1620.0,1635,US,1872,N117äæ,66.0,75,47.0,-15.0,-6.0,BDL,PHL,196,7,12,0,0
2001,10,8,1,2102.0,2100,2211.0,2218,NW,1560,N772N3,69.0,78,54.0,-7.0,2.0,DTW,SYR,374,5,10,0,0
2001,7,31,2,1618.0,1620,1804.0,1753,US,94,N622Aä,106.0,93,91.0,11.0,-2.0,MCO,CLT,468,3,12,0,0
2001,6,9,6,1045.0,1045,1830.0,1845,DL,2198,-N645D,285.0,300,256.0,-15.0,0.0,LAX,MCO,2217,8,21,0,0
2001,1,4,4,1509.0,1515,1825.0,1829,AA,1552,NR81A1,136.0,134,111.0,-4.0,-6.0,LAX,COS,833,5,20,0,0
2001,8,12,7,845.0,845,1002.0,1005,WN,859,N313@@,77.0,80,62.0,-3.0,0.0,LAS,SMF,397,3,12,0,0
2001,11,8,4,1555.0,1535,1710.0,1645,WN,963,N648@@,75.0,70,60.0,25.0,20.0,ONT,SMF,389,5,10,0,0
2001,11,13,2,113.0,115,549.0,549,AS,100,N773Aâ,216.0,214,204.0,0.0,-2.0,ANC,PDX,1542,4,8,0,0
2001,2,5,1,1130.0,1135,1702.0,1711,UA,1296,N451ä1,212.0,216,187.0,-9.0,-5.0,LAX,MSY,1671,4,21,0,0
2001,8,8,3,2325.0,2240,2359.0,2320,US,1477,N863äâ,34.0,40,19.0,39.0,45.0,CLT,CAE,88,2,13,0,0
2001,10,8,1,1136.0,1121,1419.0,1411,UA,2724,N922ä1,103.0,110,87.0,8.0,15.0,LAS,DEN,629,4,12,0,0
2001,9,29,6,1510.0,1520,1750.0,1815,DL,2236,N518D1,100.0,115,82.0,-25.0,-10.0,DEN,DFW,641,8,10,0,0
2001,11,3,6,1520.0,1535,1725.0,1745,DL,846,N920D5,65.0,70,40.0,-20.0,-15.0,PNS,ATL,272,14,11,0,0
2001,11,17,6,1324.0,1305,1441.0,1428,DL,2150,-N123D,77.0,83,57.0,13.0,19.0,ATL,MCO,403,4,16,0,0
2001,7,17,2,1326.0,1330,1619.0,1628,DL,257,-N916D,173.0,178,147.0,-9.0,-4.0,LGA,MCO,950,7,19,0,0
2001,6,10,7,1545.0,1540,1803.0,1815,DL,1577,N831æ1,138.0,155,121.0,-12.0,5.0,ALB,ATL,852,6,11,0,0
2001,1,24,3,1740.0,1740,2002.0,2010,WN,1170,N743@@,82.0,90,73.0,-8.0,0.0,JAN,MCO,587,4,5,0,0
2001,4,28,6,1827.0,1830,1945.0,1958,UA,2177,N911ä1,78.0,88,69.0,-13.0,-3.0,SFO,SAN,447,2,7,0,0
2001,3,27,2,1130.0,1135,1248.0,1301,AA,1069,N2AFA1,78.0,86,62.0,-13.0,-5.0,ORD,BNA,409,5,11,0,0
2001,9,16,7,715.0,715,905.0,910,WN,994,N648@@,110.0,115,98.0,-5.0,0.0,AUS,BNA,756,5,7,0,0
2001,9,29,6,845.0,845,924.0,930,WN,1834,N706@@,39.0,45,29.0,-6.0,0.0,AUS,HOU,148,3,7,0,0
2001,4,17,2,1234.0,1231,1813.0,1804,UA,1146,N344ä1,219.0,213,193.0,9.0,3.0,DEN,PHL,1557,4,22,0,0
2001,6,4,1,2023.0,2025,2147.0,2146,UA,1816,N470ä1,84.0,81,59.0,1.0,-2.0,LAX,SMF,373,3,22,0,0
2001,1,3,3,2008.0,1819,2130.0,1914,MQ,4392,-N625M,82.0,55,29.0,136.0,109.0,PIA,ORD,130,31,22,0,0
2001,4,15,7,1115.0,1115,1346.0,1332,UA,43,N543ä1,331.0,317,312.0,14.0,0.0,SFO,OGG,2338,5,14,0,0
2001,1,29,1,1013.0,1015,1605.0,1623,UA,1494,N453ä1,232.0,248,213.0,-18.0,-2.0,PHX,IAD,1956,7,12,0,0
2001,11,11,7,2120.0,2120,2240.0,2240,WN,209,N336@@,80.0,80,69.0,0.0,0.0,SMF,SAN,480,1,10,0,0
2001,8,14,2,717.0,719,805.0,805,AQ,31,-N821A,48.0,46,38.0,0.0,-2.0,ITO,HNL,216,4,6,0,0
2001,6,24,7,1515.0,1515,1528.0,1530,WN,2124,N301@@,73.0,75,55.0,-2.0,0.0,ABQ,PHX,328,10,8,0,0
2001,11,12,1,636.0,639,919.0,938,AA,614,N478A1,163.0,179,148.0,-19.0,-3.0,FLL,LGA,1076,3,12,0,0
2001,11,27,2,1825.0,1825,2022.0,2029,TW,156,N9625æ,117.0,124,87.0,-7.0,0.0,AUS,STL,722,18,12,0,0
2001,9,15,6,1150.0,1150,1525.0,1530,WN,1785,N333@@,155.0,160,142.0,-5.0,0.0,SLC,STL,1156,2,11,0,0
2001,9,16,7,1949.0,1915,2105.0,2035,MQ,4902,-N340M,76.0,80,47.0,30.0,34.0,BOS,BGR,201,3,26,0,0
2001,1,18,4,2108.0,2100,2258.0,2237,DL,1990,-N198D,110.0,97,86.0,21.0,8.0,CVG,ATL,373,9,15,0,0
2001,3,12,1,1930.0,1820,2114.0,2011,CO,1053,N14613,104.0,111,84.0,63.0,70.0,ATL,CLE,554,7,13,0,0
2001,2,7,3,1600.0,1605,1758.0,1808,CO,67,N14664,178.0,183,161.0,-10.0,-5.0,CLE,DFW,1021,6,11,0,0
2001,3,16,5,1516.0,1520,1636.0,1651,US,957,N720äæ,80.0,91,65.0,-15.0,-4.0,MHT,PHL,290,3,12,0,0
2001,7,3,2,902.0,840,1427.0,1428,UA,512,N564ä1,205.0,228,186.0,-1.0,22.0,SEA,ORD,1721,3,16,0,0
2001,4,9,1,2021.0,2020,2141.0,2139,MQ,5260,-N322M,80.0,79,65.0,2.0,1.0,EYW,MCO,268,6,9,0,0
2001,2,4,7,2027.0,2027,2145.0,2134,NW,1263,N602Næ,78.0,67,52.0,11.0,0.0,MSP,GFK,284,5,21,0,0
2001,1,7,7,1535.0,1535,1725.0,1720,WN,143,N665@@,170.0,165,155.0,5.0,0.0,MCO,AUS,993,3,12,0,0
2001,11,18,7,908.0,910,1024.0,1015,UA,117,N840ä1,136.0,125,100.0,9.0,-2.0,PHL,ORD,678,26,10,0,0
2001,8,28,2,2117.0,2118,2245.0,2252,HP,127,N810Aæ,208.0,214,194.0,-7.0,-1.0,MKE,LAS,1524,4,10,0,0
2001,3,2,5,1522.0,1525,1620.0,1630,US,385,N861äâ,58.0,65,46.0,-10.0,-3.0,CLT,CHA,242,4,8,0,0
2001,9,9,7,1745.0,1730,1842.0,1830,WN,45,N749@@,57.0,60,43.0,12.0,15.0,DAL,HOU,239,8,6,0,0
2001,4,2,1,928.0,930,1113.0,1133,US,1198,N719äæ,105.0,123,83.0,-20.0,-2.0,CLT,LGA,544,8,14,0,0
2001,5,8,2,847.0,850,1422.0,1435,TW,276,N93043,215.0,225,198.0,-13.0,-3.0,SEA,STL,1710,3,14,0,0
2001,6,18,1,2026.0,2025,2146.0,2152,DL,870,-N134D,80.0,87,55.0,-6.0,1.0,SLC,DEN,391,7,18,0,0
2001,4,4,3,2325.0,2330,616.0,635,HP,695,N633Aæ,231.0,245,211.0,-19.0,-5.0,LAX,CMH,1996,6,14,0,0
2001,1,18,4,2135.0,2110,2221.0,2155,WN,2184,N649@@,46.0,45,31.0,26.0,25.0,HOU,AUS,148,3,12,0,0
2001,4,12,4,636.0,630,759.0,747,TW,67,N963ãæ,83.0,77,64.0,12.0,6.0,ORD,STL,258,7,12,0,0
2001,2,9,5,1458.0,1455,1740.0,1743,AA,1570,N2DDA1,102.0,108,80.0,-3.0,3.0,ORD,DCA,612,12,10,0,0
2001,11,3,6,801.0,805,943.0,1003,NW,679,N331Næ,162.0,178,143.0,-20.0,-4.0,PHL,MSP,980,5,14,0,0
2001,7,13,5,1205.0,1205,1542.0,1545,WN,591,N723@@,157.0,160,137.0,-3.0,0.0,PDX,ABQ,1111,6,14,0,0
2001,2,4,7,614.0,620,710.0,716,DL,1068,-N657D,56.0,56,33.0,-6.0,-6.0,PDX,SEA,129,7,16,0,0
2001,1,6,6,1134.0,1136,1341.0,1356,TW,667,N979ãæ,127.0,140,113.0,-15.0,-2.0,STL,SAT,786,2,12,0,0
2001,12,8,6,1108.0,1122,1233.0,1240,MQ,3535,-N384M,85.0,78,52.0,-7.0,-14.0,DFW,FSM,228,6,27,0,0
2001,2,12,1,721.0,723,930.0,941,TW,366,N408ãæ,69.0,78,56.0,-11.0,-2.0,STL,CMH,410,2,11,0,0
2001,1,7,7,2020.0,1825,2159.0,2001,HP,2874,N605Aæ,99.0,96,76.0,118.0,115.0,LAS,SFO,414,10,13,0,0
2001,11,29,4,908.0,910,1044.0,1059,DL,427,N6700@,276.0,289,255.0,-15.0,-2.0,CVG,SEA,1964,6,15,0,0
2001,4,6,5,2031.0,2030,2155.0,2148,DL,2075,-N976D,144.0,138,119.0,7.0,1.0,CVG,DFW,812,6,19,0,0
2001,4,2,1,1115.0,1118,1244.0,1245,MQ,3615,-N426M,89.0,87,66.0,-1.0,-3.0,DFW,LIT,304,5,18,0,0
2001,10,9,2,1436.0,1442,1709.0,1715,US,1141,N868äâ,93.0,93,72.0,-6.0,-6.0,MEM,CLT,512,11,10,0,0
2001,4,5,4,1400.0,1400,1506.0,1510,WN,1721,N604@@,66.0,70,57.0,-4.0,0.0,OAK,ONT,361,4,5,0,0
2001,11,6,2,1906.0,1906,2046.0,2101,MQ,3683,-N541M,100.0,115,86.0,-15.0,0.0,DFW,JAN,408,4,10,0,0
2001,3,28,3,1310.0,1249,1553.0,1540,AS,738,N793Aâ,103.0,111,91.0,13.0,21.0,SJC,TUS,721,2,10,0,0
2001,6,29,5,1719.0,1655,2043.0,2019,DL,201,N235æ1,144.0,144,116.0,24.0,24.0,AUS,ATL,813,11,17,0,0
2001,8,14,2,1930.0,1850,2108.0,2045,WN,695,N360@@,98.0,115,92.0,23.0,40.0,HOU,STL,687,2,4,0,0
2001,6,7,4,612.0,615,834.0,857,MQ,3264,-N636M,142.0,162,122.0,-23.0,-3.0,MKE,DFW,853,12,8,0,0
2001,12,6,4,2024.0,2005,2134.0,2120,WN,2861,N747@@,70.0,75,57.0,14.0,19.0,LAS,RNO,345,2,11,0,0
2001,7,13,5,1024.0,1030,1133.0,1136,DL,1281,-N613D,69.0,66,41.0,-3.0,-6.0,CHS,ATL,259,16,12,0,0
2001,8,9,4,1559.0,1550,1715.0,1658,DL,763,-N634D,136.0,128,99.0,17.0,9.0,ATL,DFW,732,4,33,0,0
2001,5,24,4,758.0,803,1006.0,1020,CO,276,N15710,68.0,77,51.0,-14.0,-5.0,MDW,CLE,307,5,12,0,0
2001,8,25,6,1147.0,1150,1255.0,1310,TW,399,N906ãæ,128.0,140,109.0,-15.0,-3.0,STL,DEN,770,5,14,0,0
2001,2,8,4,2327.0,2325,522.0,518,AA,2032,N618A1,235.0,233,215.0,4.0,2.0,LAX,ORD,1745,6,14,0,0
2001,10,21,7,1341.0,1315,1510.0,1449,US,576,N703äæ,89.0,94,73.0,21.0,26.0,TPA,CLT,508,5,11,0,0
2001,1,25,4,1353.0,1355,1449.0,1452,MQ,3582,-N390M,56.0,57,26.0,-3.0,-2.0,SPS,DFW,113,20,10,0,0
2001,5,30,3,2255.0,2245,2359.0,2350,WN,738,N750@@,64.0,65,42.0,9.0,10.0,LAS,LAX,236,10,12,0,0
2001,6,12,2,1133.0,1135,1704.0,1641,CO,1930,N19141,211.0,186,153.0,23.0,-2.0,LAS,IAH,1222,19,39,0,0
2001,12,23,7,1814.0,1804,1915.0,1930,AA,1497,N535A1,121.0,146,107.0,-15.0,10.0,DEN,LAX,862,4,10,0,0
2001,8,17,5,2038.0,2035,2244.0,2254,TW,167,N907ãæ,246.0,259,222.0,-10.0,3.0,STL,SFO,1736,4,20,0,0
2001,12,10,1,2009.0,1930,2116.0,2037,DL,2044,-N939D,67.0,67,44.0,39.0,39.0,CVG,PIT,256,12,11,0,0
2001,1,2,2,2141.0,2100,18.0,2349,UA,712,N565ä1,97.0,109,79.0,29.0,41.0,ORD,BWI,622,4,14,0,0
2001,2,8,4,150.0,133,347.0,331,HP,760,N604Aæ,57.0,58,42.0,16.0,17.0,LAS,PHX,256,5,10,0,0
2001,9,1,6,1254.0,1300,1409.0,1426,UA,683,N7442ä,135.0,146,106.0,-17.0,-6.0,LGA,ORD,733,15,14,0,0
2001,10,25,4,1857.0,1858,2135.0,2205,AA,1094,N568A1,98.0,127,83.0,-30.0,-1.0,ORD,PHL,678,3,12,0,0
2001,1,25,4,1844.0,1847,2129.0,2113,US,2972,N261Aä,165.0,146,143.0,16.0,-3.0,PBI,BWI,883,4,18,0,0
2001,1,7,7,2034.0,2028,2220.0,2221,US,915,N524Aä,166.0,173,149.0,-1.0,6.0,DCA,MCI,950,6,11,0,0
2001,2,10,6,749.0,745,1452.0,1515,US,48,N655äâ,243.0,270,221.0,-23.0,4.0,LAX,PIT,2136,8,14,0,0
2001,10,7,7,915.0,925,1110.0,1120,DL,1292,-N941D,55.0,55,26.0,-10.0,-10.0,HSV,ATL,151,8,21,0,0
2001,3,16,5,712.0,705,905.0,859,DL,691,-N119D,173.0,174,145.0,6.0,7.0,MCO,DFW,984,11,17,0,0
2001,12,14,5,915.0,915,1111.0,1103,NW,1444,N1308ã,116.0,108,84.0,8.0,0.0,DTW,PVD,614,6,26,0,0
2001,8,18,6,1823.0,1815,2142.0,2120,DL,2388,-N381D,199.0,185,171.0,22.0,8.0,FLL,BDL,1173,5,23,0,0
2001,7,3,2,2221.0,2220,644.0,608,UA,292,N559ä1,323.0,288,266.0,36.0,1.0,LAX,BWI,2329,40,17,0,0
2001,3,26,1,1520.0,1509,1621.0,1606,AS,177,N756Aâ,61.0,57,46.0,15.0,11.0,ANC,ADQ,252,3,12,0,0
2001,1,3,3,1332.0,1231,1533.0,1504,AA,1943,N553A1,181.0,213,162.0,29.0,61.0,BWI,DFW,1217,6,13,0,0
2001,6,6,3,630.0,630,730.0,740,WN,470,N770@@,60.0,70,49.0,-10.0,0.0,BUF,BWI,281,3,8,0,0
2001,1,1,1,1150.0,1130,1645.0,1628,DL,1860,N545D1,175.0,178,150.0,17.0,20.0,ELP,ATL,1282,8,17,0,0
2001,6,25,1,558.0,600,640.0,659,UA,717,N515ä1,102.0,119,88.0,-19.0,-2.0,BWI,ORD,622,3,11,0,0
2001,12,29,6,1540.0,1530,1634.0,1621,DL,905,-N668D,174.0,171,155.0,13.0,10.0,DFW,LAS,1055,8,11,0,0
2001,3,12,1,1907.0,1900,2216.0,2135,DL,635,-N968D,189.0,155,117.0,41.0,7.0,LGA,ATL,761,48,24,0,0
2001,3,1,4,1441.0,1435,1705.0,1636,DL,1677,-N117D,144.0,121,122.0,29.0,6.0,RSW,ATL,515,7,15,0,0
2001,7,31,2,740.0,715,1018.0,1000,AS,340,N611Aâ,158.0,165,135.0,18.0,25.0,SEA,SNA,978,9,14,0,0
2001,9,26,3,1910.0,1910,1931.0,1940,WN,1352,N347@@,81.0,90,72.0,-9.0,0.0,CLE,BNA,448,4,5,0,0
2001,8,11,6,1500.0,1335,1641.0,1455,US,867,N383äâ,101.0,80,51.0,106.0,85.0,PHL,PWM,365,10,40,0,0
2001,12,1,6,624.0,630,817.0,853,DL,439,N295æ1,113.0,143,97.0,-36.0,-6.0,BUF,ATL,712,7,9,0,0
2001,5,18,5,1625.0,1605,1735.0,1718,US,2062,N433äâ,70.0,73,49.0,17.0,20.0,PHL,BUF,279,2,19,0,0
2001,12,24,1,1522.0,1529,1803.0,1800,AA,959,N3ARA1,161.0,151,135.0,3.0,-7.0,DCA,MIA,920,14,12,0,0
2001,11,23,5,800.0,800,1004.0,1015,AA,378,N244A1,124.0,135,109.0,-11.0,0.0,MSY,ORD,837,6,9,0,0
2001,6,6,3,1208.0,1205,1322.0,1319,MQ,3065,-N245M,74.0,74,56.0,3.0,3.0,FAT,LAX,209,8,10,0,0
2001,2,14,3,1132.0,1125,1133.0,1133,HP,239,N914Aæ,61.0,68,46.0,0.0,7.0,PHX,LAS,256,6,9,0,0
2001,11,26,1,711.0,655,833.0,824,AA,352,N538A1,82.0,89,65.0,9.0,16.0,DFW,MCI,460,3,14,0,0
2001,4,17,2,648.0,650,836.0,835,CO,1255,N14662,108.0,105,74.0,1.0,-2.0,EWR,CMH,462,2,32,0,0
2001,12,6,4,1136.0,1136,1737.0,1751,AA,1698,N3AèA1,241.0,255,209.0,-14.0,0.0,SJC,ORD,1829,10,22,0,0
2001,9,1,6,926.0,929,1243.0,1254,NW,736,N718R3,137.0,145,111.0,-11.0,-3.0,MSP,ATL,906,4,22,0,0
2001,4,19,4,1938.0,1938,2038.0,2031,HP,530,N150Aæ,120.0,113,104.0,7.0,0.0,DEN,PHX,602,5,11,0,0
2001,10,12,5,921.0,920,1431.0,1432,UA,742,N7464ä,190.0,192,161.0,-1.0,1.0,DEN,IAD,1452,8,21,0,0
2001,8,8,3,815.0,815,1025.0,1025,WN,883,N657@@,70.0,70,57.0,0.0,0.0,LAS,SLC,368,3,10,0,0
2001,11,18,7,1723.0,1725,1914.0,1905,UA,924,N840ä1,111.0,100,78.0,9.0,-2.0,ATL,IAD,533,6,27,0,0
2001,11,1,4,834.0,830,1026.0,1002,UA,544,N917ä1,112.0,92,97.0,24.0,4.0,SAN,SFO,447,3,12,0,0
2001,9,5,3,610.0,610,707.0,710,WN,6,N740@@,57.0,60,48.0,-3.0,0.0,HRL,HOU,276,4,5,0,0
2001,2,23,5,1140.0,1140,1424.0,1430,WN,533,N635@@,104.0,110,91.0,-6.0,0.0,LAX,ELP,714,3,10,0,0
2001,8,2,4,1931.0,1935,2102.0,2101,US,948,N713äæ,91.0,86,68.0,1.0,-4.0,BWI,BOS,370,9,14,0,0
2001,10,28,7,1550.0,1545,1815.0,1750,WN,158,N784@@,85.0,65,50.0,25.0,5.0,LAS,PHX,256,8,27,0,0
2001,11,30,5,814.0,815,1054.0,1110,US,55,N101äæ,340.0,355,312.0,-16.0,-1.0,CLT,SFO,2296,6,22,0,0
2001,5,22,2,1850.0,1745,1954.0,1857,DL,1289,-N966D,124.0,132,98.0,57.0,65.0,ATL,IAH,689,8,18,0,0
2001,8,21,2,1157.0,1200,1306.0,1320,CO,337,N14871,69.0,80,47.0,-14.0,-3.0,BOS,EWR,200,6,16,0,0
2001,4,6,5,855.0,857,1103.0,1053,TW,531,N998R@,128.0,116,88.0,10.0,-2.0,STL,DFW,551,5,35,0,0
2001,12,15,6,1920.0,1915,2147.0,2150,WN,1209,N730@@,267.0,275,256.0,-3.0,5.0,MSY,OAK,1903,3,8,0,0
2001,7,4,3,905.0,905,956.0,1000,WN,251,N772@@,51.0,55,42.0,-4.0,0.0,IND,STL,229,4,5,0,0
2001,8,11,6,2154.0,2038,2322.0,2228,TW,97,N982ãæ,208.0,230,165.0,54.0,76.0,STL,SAN,1558,3,40,0,0
2001,6,17,7,1803.0,1735,1916.0,1855,WN,1780,N392@@,133.0,140,115.0,21.0,28.0,BWI,STL,737,6,12,0,0
2001,7,20,5,1255.0,1245,1407.0,1408,MQ,3709,-N434M,72.0,83,58.0,-1.0,10.0,DFW,TUL,237,3,11,0,0
2001,12,15,6,1722.0,1700,1814.0,1756,AA,1205,N2AãA1,112.0,116,84.0,18.0,22.0,ROC,ORD,528,7,21,0,0
2001,5,23,3,2102.0,2055,2144.0,2132,DL,1912,N512D1,42.0,37,28.0,12.0,7.0,SHV,MLU,105,4,10,0,0
2001,5,4,5,753.0,756,944.0,930,AS,62,N768Aâ,111.0,94,89.0,14.0,-3.0,ANC,JNU,571,3,19,0,0
2001,8,1,3,1952.0,2000,2140.0,2146,NW,1753,N89145,108.0,106,86.0,-6.0,-8.0,GSP,DTW,508,11,11,0,0
2001,11,1,4,1759.0,1715,2026.0,1948,AA,365,N584A1,207.0,213,170.0,38.0,44.0,ORF,DFW,1213,27,10,0,0
2001,8,5,7,835.0,835,1204.0,1154,TW,80,N903ãæ,149.0,139,131.0,10.0,0.0,ABQ,STL,934,6,12,0,0
2001,6,17,7,1908.0,1915,1954.0,2009,US,1221,N891äâ,46.0,54,35.0,-15.0,-7.0,MDT,PIT,185,4,7,0,0
2001,7,2,1,1002.0,1002,1555.0,1603,UA,1518,N343ä1,233.0,241,218.0,-8.0,0.0,OAK,ORD,1835,5,10,0,0
2001,2,21,3,1741.0,1730,2021.0,2006,DL,319,N3741â,160.0,156,111.0,15.0,11.0,EWR,ATL,745,18,31,0,0
2001,1,2,2,1929.0,1924,2105.0,2023,MQ,3769,-N373M,96.0,59,34.0,42.0,5.0,DFW,ILE,130,11,51,0,0
2001,3,3,6,903.0,905,933.0,942,US,577,-N922å,90.0,97,75.0,-9.0,-2.0,PIT,MKE,431,5,10,0,0
2001,3,25,7,1915.0,1852,2200.0,2129,CO,1114,N13248,165.0,157,135.0,31.0,23.0,IAH,ORD,925,6,24,0,0
2001,6,20,3,706.0,703,1237.0,1239,AA,1118,N429A1,211.0,216,178.0,-2.0,3.0,LAS,ORD,1515,5,28,0,0
2001,12,4,2,1226.0,1225,1424.0,1410,UA,1071,N568ä1,118.0,105,102.0,14.0,1.0,DEN,PHX,602,3,13,0,0
2001,8,21,2,2119.0,2120,2348.0,2355,DL,2474,-N306D,149.0,155,127.0,-7.0,-1.0,MCO,EWR,938,8,14,0,0
2001,3,8,4,746.0,745,847.0,846,US,305,N897äâ,61.0,61,40.0,1.0,1.0,PIT,ITH,239,4,17,0,0
2001,9,10,1,2024.0,2013,2151.0,2156,AS,311,N949Aâ,87.0,103,73.0,-5.0,11.0,SFO,PDX,550,4,10,0,0
2001,11,27,2,656.0,700,1030.0,1042,US,744,N577äâ,154.0,162,135.0,-12.0,-4.0,IAH,PIT,1117,8,11,0,0
2001,10,13,6,1522.0,1459,2018.0,2007,HP,753,N315Aæ,176.0,188,164.0,11.0,23.0,PHX,MSP,1276,4,8,0,0
2001,11,18,7,1446.0,1421,1908.0,1838,AA,320,N401A1,202.0,197,177.0,30.0,25.0,DFW,BDL,1471,3,22,0,0
2001,6,21,4,1335.0,1335,1442.0,1450,WN,493,N520@@,67.0,75,55.0,-8.0,0.0,LAS,RNO,345,3,9,0,0
2001,9,4,2,735.0,740,913.0,905,MQ,3299,-N329M,98.0,85,72.0,8.0,-5.0,LAX,MRY,267,8,18,0,0
2001,4,12,4,2200.0,2200,2310.0,2319,MQ,5411,-N209M,70.0,79,55.0,-9.0,0.0,MIA,MCO,193,5,10,0,0
2001,11,9,5,1154.0,1200,1736.0,1739,NW,154,N309N2,222.0,219,202.0,-3.0,-6.0,SJC,MSP,1576,9,11,0,0
2001,7,9,1,1708.0,1710,1924.0,1943,UA,947,N643ä1,316.0,333,293.0,-19.0,-2.0,IAD,SFO,2419,5,18,0,0
2001,11,19,1,1124.0,1110,1257.0,1224,TW,112,N952ä@,93.0,74,51.0,33.0,14.0,STL,ORD,258,6,36,0,0
2001,10,18,4,1330.0,1325,1424.0,1415,MQ,4116,-N613M,54.0,50,30.0,9.0,5.0,ORD,MSN,109,2,22,0,0
2001,8,3,5,1156.0,1130,1305.0,1233,AS,524,N954Aâ,69.0,63,51.0,32.0,26.0,GEG,SEA,224,9,9,0,0
2001,10,16,2,2013.0,2005,2115.0,2115,WN,795,N526@@,62.0,70,54.0,0.0,8.0,SNA,SJC,342,3,5,0,0
2001,1,24,3,920.0,920,1015.0,1017,MQ,3299,-N382M,55.0,57,45.0,-2.0,0.0,DFW,ABI,158,4,6,0,0
2001,12,1,6,1750.0,1750,1909.0,1906,DL,756,-N913D,79.0,76,42.0,3.0,0.0,CLT,ATL,227,20,17,0,0
2001,1,7,7,1656.0,1655,2013.0,2007,AA,1836,N537A1,137.0,132,101.0,6.0,1.0,ORD,PVD,849,7,29,0,0
2001,2,23,5,740.0,740,834.0,835,WN,153,N627@@,54.0,55,43.0,-1.0,0.0,DAL,SAT,248,4,7,0,0
2001,12,22,6,1731.0,1731,2147.0,2213,AA,1878,N5FBA1,196.0,222,167.0,-26.0,0.0,DFW,BOS,1562,13,16,0,0
2001,12,13,4,700.0,700,827.0,825,WN,969,N602@@,87.0,85,73.0,2.0,0.0,MDW,OMA,423,2,12,0,0
2001,6,20,3,1731.0,1731,1924.0,1928,HP,812,N637Aæ,113.0,117,97.0,-4.0,0.0,SFO,PHX,651,6,10,0,0
2001,4,14,6,2008.0,2015,2134.0,2144,US,1158,N867äâ,86.0,89,70.0,-10.0,-7.0,CLE,CLT,430,5,11,0,0
2001,4,19,4,1515.0,1515,2239.0,2308,US,38,N619Aä,264.0,293,245.0,-29.0,0.0,LAX,BWI,2329,7,12,0,0
2001,6,22,5,907.0,910,1213.0,1142,NW,486,N315äâ,186.0,152,154.0,31.0,-3.0,DTW,TPA,983,7,25,0,0
2001,7,19,4,1825.0,1825,1910.0,1915,WN,269,N617@@,45.0,50,35.0,-5.0,0.0,OKC,DAL,181,3,7,0,0
2001,11,13,2,1902.0,1815,2131.0,2119,AA,127,N306A1,329.0,364,301.0,12.0,47.0,JFK,SAN,2446,2,26,0,0
2001,8,24,5,1115.0,1045,1430.0,1416,CO,1522,N16895,135.0,151,116.0,14.0,30.0,IAH,MIA,964,3,16,0,0
2001,12,23,7,1010.0,1011,1135.0,1146,AA,843,N547A1,145.0,155,116.0,-11.0,-1.0,ORD,DEN,888,16,13,0,0
2001,1,4,4,1327.0,1330,2140.0,2150,UA,810,N610ä1,313.0,320,282.0,-10.0,-3.0,SFO,JFK,2586,7,24,0,0
2001,12,27,4,1624.0,1610,1718.0,1655,US,422,N899äâ,54.0,45,36.0,23.0,14.0,ERI,PIT,109,7,11,0,0
2001,5,1,2,2230.0,2235,2342.0,2354,TW,597,N415ãæ,72.0,79,58.0,-12.0,-5.0,STL,ICT,392,3,11,0,0
2001,6,7,4,938.0,945,1113.0,1109,US,832,N860äâ,95.0,84,64.0,4.0,-7.0,CLT,CMH,346,3,28,0,0
2001,1,14,7,2014.0,2013,2141.0,2139,TW,147,N413ãæ,87.0,86,68.0,2.0,1.0,STL,ICT,392,4,15,0,0
2001,11,25,7,818.0,825,957.0,1003,NW,472,N1799ä,99.0,98,80.0,-6.0,-7.0,MEM,ORD,491,3,16,0,0
2001,4,14,6,929.0,935,1136.0,1144,DL,1015,-N921D,127.0,129,94.0,-8.0,-6.0,LGA,CVG,585,7,26,0,0
2001,7,16,1,1250.0,1255,1350.0,1352,NW,1062,N755Næ,60.0,57,37.0,-2.0,-5.0,FSD,MSP,197,11,12,0,0
2001,8,29,3,1643.0,1645,2041.0,2020,DL,1130,N312æ1,178.0,155,149.0,21.0,-2.0,SLC,MSP,991,8,21,0,0
2001,11,13,2,1914.0,1918,2042.0,2058,AA,1979,N471A1,208.0,220,178.0,-16.0,-4.0,DFW,RNO,1345,6,24,0,0
2001,7,31,2,1640.0,1645,1758.0,1808,US,1533,N861äâ,78.0,83,62.0,-10.0,-5.0,CLT,PIT,366,6,10,0,0
2001,3,30,5,15.0,20,551.0,558,TW,174,N704ãæ,216.0,218,202.0,-7.0,-5.0,SFO,STL,1736,4,10,0,0
2001,1,26,5,729.0,730,1218.0,1210,NW,570,N508äâ,229.0,220,178.0,8.0,-1.0,MSP,MIA,1501,6,45,0,0
2001,1,19,5,1908.0,1910,2136.0,2207,MQ,5287,-N610M,148.0,177,130.0,-31.0,-2.0,MIA,IND,1021,7,11,0,0
2001,11,25,7,1647.0,1650,1721.0,1735,US,698,N895äâ,34.0,45,23.0,-14.0,-3.0,CLT,AVL,92,2,9,0,0
2001,4,7,6,1200.0,1200,1251.0,1255,WN,23,N102@@,51.0,55,42.0,-4.0,0.0,DAL,HOU,239,5,4,0,0
2001,9,8,6,1634.0,1615,1935.0,1855,DL,2310,-N328D,181.0,160,139.0,40.0,19.0,MCO,ISP,972,4,38,0,0
2001,2,12,1,1056.0,1057,1231.0,1225,AA,2413,N590A1,215.0,208,179.0,6.0,-1.0,DFW,LAX,1235,17,19,0,0
2001,5,13,7,1858.0,1905,1935.0,1948,DL,1087,-N915D,37.0,43,18.0,-13.0,-7.0,LEX,CVG,70,9,10,0,0
2001,1,24,3,1620.0,1625,1932.0,1940,DL,2415,-N382D,192.0,195,167.0,-8.0,-5.0,BOS,MCO,1121,12,13,0,0
2001,10,7,7,855.0,855,1141.0,1155,WN,1508,N325@@,106.0,120,94.0,-14.0,0.0,MDW,BDL,777,3,9,0,0
2001,10,6,6,1604.0,1605,1941.0,1940,DL,2525,-N330D,217.0,215,194.0,1.0,-1.0,BOS,FLL,1237,4,19,0,0
2001,3,12,1,1956.0,1844,2237.0,2122,AA,1073,N565A1,281.0,278,248.0,75.0,72.0,ORD,SEA,1721,7,26,0,0
2001,4,29,7,1235.0,1235,1532.0,1530,WN,452,N342@@,117.0,115,100.0,2.0,0.0,ABQ,HOU,759,2,15,0,0
2001,12,14,5,1636.0,1545,1743.0,1709,US,926,N429äâ,67.0,84,50.0,34.0,51.0,PHL,PWM,365,4,13,0,0
2001,11,22,4,755.0,755,853.0,900,WN,2333,N319@@,58.0,65,43.0,-7.0,0.0,LAS,LAX,236,7,8,0,0
2001,1,25,4,1432.0,1434,1559.0,1559,MQ,3999,-N642M,87.0,85,53.0,0.0,-2.0,DFW,BTR,383,3,31,0,0
2001,6,22,5,2215.0,2120,2304.0,2215,WN,2070,N755@@,49.0,55,42.0,49.0,55.0,GEG,SEA,224,2,5,0,0
2001,11,17,6,2049.0,2051,2142.0,2151,NW,147,N89335,53.0,60,41.0,-9.0,-2.0,MSP,FAR,223,3,9,0,0
2001,2,27,2,724.0,715,931.0,914,DL,1055,-N978D,187.0,179,164.0,17.0,9.0,PBI,DFW,1103,10,13,0,0
2001,4,24,2,1032.0,1035,1233.0,1244,UA,562,N991ä1,61.0,69,43.0,-11.0,-3.0,ORD,CVG,264,5,13,0,0
2001,5,21,1,1923.0,1915,2233.0,2245,CO,159,N35204,370.0,390,329.0,-12.0,8.0,EWR,SFO,2565,7,34,0,0
2001,1,9,2,1226.0,1229,1353.0,1357,UA,2506,N915ä1,87.0,88,68.0,-4.0,-3.0,LAX,SMF,373,3,16,0,0
2001,9,26,3,735.0,735,905.0,920,WN,135,N762@@,150.0,165,137.0,-15.0,0.0,BWI,MCI,967,3,10,0,0
2001,12,6,4,1708.0,1713,1825.0,1834,MQ,4016,-N809M,77.0,81,60.0,-9.0,-5.0,DLH,ORD,397,11,6,0,0
2001,9,3,1,1745.0,1745,1943.0,1939,DL,2040,N297æ1,118.0,114,99.0,4.0,0.0,PHL,CVG,507,5,14,0,0
2001,1,5,5,1938.0,1720,2156.0,1948,US,2984,N278Aä,138.0,148,115.0,128.0,138.0,JAX,LGA,834,13,10,0,0
2001,8,21,2,801.0,755,1033.0,1042,MQ,4075,-N800M,92.0,107,76.0,-9.0,6.0,ORD,GSP,577,3,13,0,0
2001,4,25,3,1125.0,1125,1625.0,1630,WN,370,N774@@,180.0,185,160.0,-5.0,0.0,LAS,LIT,1295,4,16,0,0
2001,5,2,3,1103.0,1110,1350.0,1356,NW,1218,N39913,167.0,166,152.0,-6.0,-7.0,AUS,MSP,1042,5,10,0,0
2001,3,14,3,1506.0,1459,1619.0,1614,MQ,3818,-N201M,73.0,75,52.0,5.0,7.0,SHV,DFW,190,15,6,0,0
2001,11,9,5,810.0,810,900.0,850,MQ,3507,-N270M,50.0,40,28.0,10.0,0.0,STT,SJU,68,11,11,0,0
2001,11,18,7,1633.0,1640,1959.0,1948,UA,764,N358ä1,146.0,128,118.0,11.0,-7.0,SMF,DEN,910,20,8,0,0
2001,5,5,6,1015.0,1000,1218.0,1205,WN,973,N772@@,63.0,65,50.0,13.0,15.0,PHX,ELP,347,3,10,0,0
2001,4,11,3,709.0,710,849.0,840,AA,1881,N633A1,220.0,210,198.0,9.0,-1.0,AUS,SJC,1476,4,18,0,0
2001,6,23,6,2208.0,2213,2322.0,2345,AA,357,N405A1,74.0,92,54.0,-23.0,-5.0,ORD,MCI,403,6,14,0,0
2001,9,22,6,1452.0,1500,1551.0,1615,DL,1782,N103D1,59.0,75,43.0,-24.0,-8.0,JAX,ATL,270,5,11,0,0
2001,6,2,6,633.0,635,844.0,846,UA,538,N830ä1,71.0,71,48.0,-2.0,-2.0,ORD,CLE,316,4,19,0,0
2001,2,27,2,1958.0,1957,2106.0,2058,UA,1203,N336ä1,128.0,121,107.0,8.0,1.0,MSP,DEN,680,8,13,0,0
2001,5,8,2,2117.0,2122,2318.0,2320,AS,342,N708Aâ,121.0,118,94.0,-2.0,-5.0,SEA,OAK,671,6,21,0,0
2001,3,23,5,1940.0,1845,2113.0,2018,US,453,N746äæ,93.0,93,61.0,55.0,55.0,BOS,PHL,280,7,25,0,0
2001,7,22,7,2049.0,2036,2145.0,2112,NW,1257,N89125,116.0,96,73.0,33.0,13.0,MSP,RAP,490,5,38,0,0
2001,7,31,2,1705.0,1705,1810.0,1815,WN,1761,N646@@,65.0,70,56.0,-5.0,0.0,TUS,SAN,367,2,7,0,0
2001,1,5,5,1745.0,1745,1840.0,1840,WN,775,N610@@,55.0,55,40.0,0.0,0.0,FLL,TPA,197,2,13,0,0
2001,12,22,6,1759.0,1800,1907.0,1917,DL,849,-N959D,68.0,77,45.0,-10.0,-1.0,CHS,ATL,259,8,15,0,0
2001,12,29,6,1510.0,1515,1741.0,1751,DL,1638,-N916D,91.0,96,67.0,-10.0,-5.0,MCI,CVG,539,6,18,0,0
2001,10,12,5,201.0,125,704.0,625,TW,366,-N9627,183.0,180,165.0,39.0,36.0,LAS,STL,1372,6,12,0,0
2001,8,21,2,757.0,800,936.0,931,US,1130,N505Aä,99.0,91,73.0,5.0,-3.0,PIT,PVD,467,5,21,0,0
2001,4,4,3,1425.0,1421,1742.0,1750,AA,508,N293A1,137.0,149,124.0,-8.0,4.0,DFW,TPA,929,4,9,0,0
2001,5,16,3,1117.0,1120,1336.0,1348,DL,1654,-N952D,79.0,88,64.0,-12.0,-3.0,BHM,CVG,396,5,10,0,0
2001,10,29,1,1507.0,1445,1544.0,1535,DL,1864,N916D5,97.0,110,76.0,9.0,22.0,CVG,MCI,539,5,16,0,0
2001,1,27,6,1807.0,1809,1919.0,1918,UA,797,N7289ä,192.0,189,162.0,1.0,-2.0,CLE,DEN,1201,12,18,0,0
2001,11,15,4,702.0,705,1002.0,1022,UA,73,N546ä1,360.0,377,342.0,-20.0,-3.0,EWR,SFO,2565,3,15,0,0
2001,6,7,4,1237.0,1236,1552.0,1558,MQ,3767,-N625M,135.0,142,113.0,-6.0,1.0,DFW,GSP,862,6,16,0,0
2001,4,16,1,1147.0,1015,1702.0,1547,NW,350,N722Ræ,195.0,212,173.0,75.0,92.0,SFO,MSP,1589,5,17,0,0
2001,12,23,7,644.0,630,742.0,736,AA,1555,N3CFA1,118.0,126,98.0,6.0,14.0,BWI,ORD,622,5,15,0,0
2001,6,6,3,2150.0,2150,2253.0,2255,TW,428,N4110æ,63.0,65,43.0,-2.0,0.0,STL,BNA,271,8,12,0,0
2001,7,20,5,630.0,630,733.0,735,WN,630,N379@@,63.0,65,54.0,-2.0,0.0,RNO,LAS,345,3,6,0,0
2001,6,16,6,1214.0,835,1511.0,1142,UA,1014,N530ä1,117.0,127,99.0,209.0,219.0,RNO,DEN,804,6,12,0,0
2001,5,30,3,1148.0,1150,1251.0,1251,TW,627,N981é@,63.0,61,35.0,0.0,-2.0,STL,SGF,195,2,26,0,0
2001,3,13,2,559.0,600,704.0,721,UA,635,N432ä1,125.0,141,109.0,-17.0,-1.0,EWR,ORD,719,3,13,0,0
2001,1,24,3,1557.0,1600,1736.0,1742,US,6529,N756äæ,99.0,102,73.0,-6.0,-3.0,BOS,DCA,399,4,22,0,0
2001,8,20,1,2043.0,2045,2154.0,2148,DL,2210,-N620D,71.0,63,35.0,6.0,-2.0,ATL,SAV,215,7,29,0,0
2001,4,14,6,650.0,650,1422.0,1451,US,104,N706äæ,272.0,301,253.0,-29.0,0.0,SEA,PHL,2378,5,14,0,0
2001,10,22,1,1619.0,1622,1737.0,1755,TW,312,N9306ã,78.0,93,60.0,-18.0,-3.0,OKC,STL,462,8,10,0,0
2001,4,1,7,913.0,915,1000.0,1010,CO,1704,N14816,47.0,55,31.0,-10.0,-2.0,AUS,IAH,140,5,11,0,0
2001,5,14,1,628.0,626,741.0,742,AA,1721,N2BAA1,133.0,136,115.0,-1.0,2.0,HPN,ORD,738,9,9,0,0
2001,7,8,7,1954.0,1915,2152.0,2113,AA,1769,N864A1,178.0,178,143.0,39.0,39.0,MIA,DFW,1121,21,14,0,0
2001,9,1,6,2400.0,2355,127.0,133,DL,541,N832M8,87.0,98,73.0,-6.0,5.0,ATL,FLL,581,3,11,0,0
2001,3,25,7,2010.0,2015,2147.0,2150,US,837,N577äâ,97.0,95,67.0,-3.0,-5.0,BOS,BWI,370,6,24,0,0
2001,4,19,4,1844.0,1844,2048.0,2053,TW,748,N988é@,64.0,69,39.0,-5.0,0.0,STL,SDF,254,6,19,0,0
2001,5,21,1,1044.0,1048,1309.0,1300,US,863,N435äâ,145.0,132,88.0,9.0,-4.0,LGA,CLT,544,5,52,0,0
2001,8,5,7,2050.0,2030,2240.0,2219,AS,377,N713Aâ,110.0,109,92.0,21.0,20.0,SFO,SEA,679,7,11,0,0
2001,8,29,3,1757.0,1800,1920.0,1930,MQ,4654,-N702M,83.0,90,55.0,-10.0,-3.0,BOS,EWR,200,13,15,0,0
2001,3,19,1,655.0,700,711.0,717,NW,819,N89325,76.0,77,54.0,-6.0,-5.0,ATL,MEM,332,7,15,0,0
2001,5,29,2,1323.0,1325,1533.0,1547,UA,193,N822ä1,310.0,322,295.0,-14.0,-2.0,IAD,SAN,2253,2,13,0,0
2001,10,9,2,1555.0,1555,1705.0,1705,WN,1785,N360@@,70.0,70,43.0,0.0,0.0,STL,MDW,251,2,25,0,0
2001,4,15,7,1851.0,1845,1917.0,1858,US,1533,N850äâ,86.0,73,61.0,19.0,6.0,PIT,SBN,328,4,21,0,0
2001,2,7,3,620.0,620,722.0,715,WN,1125,N367@@,62.0,55,51.0,7.0,0.0,BOI,SLC,291,2,9,0,0
2001,9,10,1,2208.0,2210,2257.0,2300,UA,2863,N921ä1,49.0,50,28.0,-3.0,-2.0,LAX,SAN,109,8,13,0,0
2001,2,23,5,1030.0,1030,1208.0,1200,WN,447,N791@@,158.0,150,141.0,8.0,0.0,TPA,MDW,997,4,13,0,0
2001,8,26,7,1023.0,1025,1107.0,1051,UA,1623,N824ä1,104.0,86,60.0,16.0,-2.0,CLE,ORD,316,6,38,0,0
2001,3,16,5,1457.0,1410,1900.0,1801,TW,280,N9406æ,183.0,171,153.0,59.0,47.0,SLC,STL,1156,8,22,0,0
2001,11,4,7,717.0,715,832.0,842,US,699,N778Aä,75.0,87,60.0,-10.0,2.0,BWI,CLT,361,4,11,0,0
2001,3,12,1,1710.0,1710,1757.0,1800,WN,97,N724@@,107.0,110,93.0,-3.0,0.0,BWI,BNA,588,4,10,0,0
2001,2,19,1,1808.0,1810,1957.0,2000,MQ,4471,-N705M,109.0,110,75.0,-3.0,-2.0,LGA,CLE,418,4,30,0,0
2001,8,27,1,713.0,715,919.0,922,DL,2224,-N639D,126.0,127,101.0,-3.0,-2.0,CVG,BOS,752,13,12,0,0
2001,1,26,5,645.0,650,1511.0,1449,US,104,N709äæ,326.0,299,304.0,22.0,-5.0,SEA,PHL,2378,10,12,0,0
2001,11,1,4,1623.0,1610,1841.0,1821,US,875,N619Aä,138.0,131,111.0,20.0,13.0,PIT,MCO,834,7,20,0,0
2001,3,19,1,1929.0,1855,2046.0,2018,US,1757,N575äâ,77.0,83,61.0,28.0,34.0,BWI,CLT,361,5,11,0,0
2001,9,16,7,1420.0,1420,1530.0,1526,DL,373,N3753@,130.0,126,103.0,4.0,0.0,ATL,MCI,692,18,9,0,0
2001,9,15,6,1719.0,1600,611.0,510,AA,72,N392A1,472.0,490,446.0,61.0,79.0,HNL,ORD,4243,8,18,0,0
2001,1,3,3,2118.0,2105,46.0,18,NW,847,N511äâ,388.0,373,359.0,28.0,13.0,MSP,ANC,2518,5,24,0,0
2001,11,26,1,1547.0,1540,1653.0,1658,US,835,N707äæ,66.0,78,47.0,-5.0,7.0,PHL,PIT,267,7,12,0,0
2001,12,15,6,1435.0,1415,1716.0,1700,WN,1395,N698@@,101.0,105,92.0,16.0,20.0,OAK,PHX,646,4,5,0,0
2001,2,28,3,1215.0,1215,1336.0,1345,WN,2080,N382@@,81.0,90,60.0,-9.0,0.0,LAS,SMF,397,5,16,0,0
2001,11,25,7,1108.0,1100,1306.0,1302,DL,1554,N67153,58.0,62,40.0,4.0,8.0,BNA,ATL,214,6,12,0,0
2001,5,15,2,1236.0,1240,1336.0,1343,CO,712,N17326,60.0,63,43.0,-7.0,-4.0,DFW,IAH,224,5,12,0,0
2001,4,15,7,1600.0,1600,1700.0,1700,WN,1635,N375@@,60.0,60,45.0,0.0,0.0,BWI,RDU,255,5,10,0,0
2001,5,8,2,1350.0,1350,1504.0,1505,WN,2201,N640@@,74.0,75,59.0,-1.0,0.0,MHT,BWI,377,3,12,0,0
2001,9,23,7,1930.0,1930,2034.0,2050,WN,307,N642@@,64.0,80,56.0,-16.0,0.0,LAX,PHX,370,4,4,0,0
2001,3,12,1,2252.0,2254,100.0,108,AS,605,N617Aâ,128.0,134,109.0,-8.0,-2.0,LAS,PDX,762,5,14,0,0
2001,1,18,4,1920.0,1920,2030.0,2025,WN,331,N758@@,70.0,65,47.0,5.0,0.0,BWI,BUF,281,2,21,0,0
2001,4,11,3,1616.0,1615,1808.0,1804,US,854,N356äâ,112.0,109,82.0,4.0,1.0,PHL,DTW,453,6,24,0,0
2001,9,14,5,1528.0,1503,1726.0,1656,NW,315,N550Næ,238.0,233,211.0,30.0,25.0,MSP,LAX,1536,7,20,0,0
2001,11,23,5,804.0,740,1159.0,1155,CO,1710,N58101,175.0,195,159.0,4.0,24.0,IAH,EWR,1400,5,11,0,0
2001,6,29,5,556.0,600,1020.0,1034,CO,200,N17644,204.0,214,186.0,-14.0,-4.0,IAH,EWR,1400,6,12,0,0
2001,9,16,7,1316.0,1300,1600.0,1550,DL,692,-N135D,104.0,110,75.0,10.0,16.0,LAX,SLC,590,7,22,0,0
2001,12,26,3,1544.0,1505,1704.0,1643,AA,557,N506A1,80.0,98,65.0,21.0,39.0,MCI,DFW,460,3,12,0,0
2001,11,29,4,1501.0,1505,1537.0,1546,DL,1632,-N982D,36.0,41,17.0,-9.0,-4.0,CVG,LEX,70,5,14,0,0
2001,2,23,5,1827.0,1820,2239.0,2119,AA,785,N5CPA1,312.0,239,272.0,80.0,7.0,LGA,DFW,1389,7,33,0,0
2001,10,7,7,955.0,955,1047.0,1055,MQ,4613,-N234M,52.0,60,38.0,-8.0,0.0,ALB,BOS,145,6,8,0,0
2001,4,13,5,1148.0,1145,1220.0,1225,WN,329,N63@@@,92.0,100,84.0,-5.0,3.0,DAL,ELP,562,3,5,0,0
2001,12,27,4,825.0,820,1250.0,1255,WN,1242,N353@@,145.0,155,132.0,-5.0,5.0,LAS,AUS,1090,3,10,0,0
2001,10,26,5,905.0,905,1059.0,1115,WN,299,N707@@,234.0,250,225.0,-16.0,0.0,MSY,LAX,1671,4,5,0,0
2001,9,1,6,629.0,630,830.0,837,AS,428,N607Aâ,121.0,127,98.0,-7.0,-1.0,SEA,OAK,671,3,20,0,0
2001,5,13,7,758.0,800,958.0,1027,AQ,441,-N740A,300.0,327,288.0,-29.0,-2.0,OAK,HNL,2409,3,9,0,0
2001,12,3,1,802.0,800,914.0,912,MQ,3620,-N624M,72.0,72,48.0,2.0,2.0,HOU,DFW,247,13,11,0,0
2001,12,2,7,2042.0,2050,2208.0,2214,NW,591,N953N@,86.0,84,64.0,-6.0,-8.0,MSP,STL,449,13,9,0,0
2001,12,6,4,1508.0,1515,1544.0,1601,NW,1701,N9340@,36.0,46,24.0,-17.0,-7.0,LAN,DTW,74,5,7,0,0
2001,12,12,3,611.0,615,730.0,737,TW,2605,N4ãAãæ,79.0,82,63.0,-7.0,-4.0,MKE,STL,317,8,8,0,0
2001,3,23,5,727.0,730,1535.0,1538,CO,106,N12216,308.0,308,289.0,-3.0,-3.0,PDX,EWR,2433,8,11,0,0
2001,11,29,4,949.0,950,1615.0,1627,DL,1964,-N199D,266.0,277,225.0,-12.0,-1.0,SLC,BOS,2105,8,33,0,0
2001,12,21,5,1016.0,1015,1144.0,1140,DL,1937,N919D5,88.0,85,62.0,4.0,1.0,ATL,MLB,443,5,21,0,0
2001,4,25,3,1639.0,1637,1746.0,1749,US,2725,N266Aä,67.0,72,51.0,-3.0,2.0,CLE,BWI,314,4,12,0,0
2001,3,7,3,1847.0,1850,2014.0,2015,DL,2211,N915D5,147.0,145,115.0,-1.0,-3.0,CVG,DFW,812,23,9,0,0
2001,2,16,5,1705.0,1700,1927.0,1927,AA,453,N639A1,262.0,267,235.0,0.0,5.0,ORD,LAX,1745,7,20,0,0
2001,1,5,5,1430.0,1432,1538.0,1546,AA,1612,N514A1,68.0,74,46.0,-8.0,-2.0,DFW,LIT,304,6,16,0,0
2001,4,19,4,819.0,820,1618.0,1645,DL,136,-N1201,299.0,325,265.0,-27.0,-1.0,LAX,JFK,2475,7,27,0,0
2001,3,25,7,803.0,806,1427.0,1414,AA,546,N457A1,264.0,248,213.0,13.0,-3.0,LAX,ORD,1745,6,45,0,0
2001,11,23,5,1721.0,1724,1934.0,1958,TW,53,N703ãæ,253.0,274,221.0,-24.0,-3.0,STL,SEA,1710,5,27,0,0
2001,7,2,1,1745.0,1735,2017.0,2015,WN,205,N300@@,92.0,100,81.0,2.0,10.0,MSY,MCO,550,4,7,0,0
2001,3,4,7,1440.0,1350,1622.0,1530,WN,633,N684@@,102.0,100,88.0,52.0,50.0,RDU,MCO,534,4,10,0,0
2001,5,29,2,2040.0,2040,2145.0,2145,WN,1665,N397@@,65.0,65,53.0,0.0,0.0,RNO,LAS,345,3,9,0,0
2001,4,24,2,1548.0,1555,2000.0,2000,CO,1046,N93875,192.0,185,142.0,0.0,-7.0,IAH,BWI,1235,4,46,0,0
2001,3,1,4,857.0,855,1035.0,1025,DL,1123,-N6714,158.0,150,129.0,10.0,2.0,CVG,DFW,812,8,21,0,0
2001,6,13,3,750.0,755,1027.0,1100,CO,455,N17619,157.0,185,143.0,-33.0,-5.0,LGA,FLL,1076,3,11,0,0
2001,8,7,2,1704.0,1705,1852.0,1856,NW,577,N350N1,228.0,231,194.0,-4.0,-1.0,MEM,LAX,1619,11,23,0,0
2001,8,22,3,1732.0,1735,1825.0,1837,DL,1286,-N231D,53.0,62,32.0,-12.0,-3.0,ATL,CAE,191,4,17,0,0
2001,5,31,4,2002.0,2010,2112.0,2116,DL,689,-N119D,70.0,66,43.0,-4.0,-8.0,PHX,LAS,256,9,18,0,0
2001,12,21,5,1237.0,1235,1427.0,1416,DL,1019,-N673D,290.0,281,262.0,11.0,2.0,CVG,LAX,1900,12,16,0,0
2001,1,27,6,1155.0,1155,1339.0,1348,DL,878,-N989D,104.0,113,92.0,-9.0,0.0,JAX,CVG,614,7,5,0,0
2001,8,30,4,1219.0,1204,1943.0,1920,HP,561,N904Aæ,264.0,256,237.0,23.0,15.0,PHX,MCO,1848,3,24,0,0
2001,3,13,2,1528.0,1410,1657.0,1535,MQ,5137,-N256M,89.0,85,68.0,82.0,78.0,JFK,DCA,213,5,16,0,0
2001,1,13,6,1932.0,1940,2031.0,2101,US,738,N558Aä,59.0,81,48.0,-30.0,-8.0,PHL,BUF,279,2,9,0,0
2001,10,14,7,623.0,615,1148.0,1153,DL,329,N518D1,205.0,218,184.0,-5.0,8.0,PDX,DFW,1616,6,15,0,0
2001,12,16,7,733.0,735,955.0,949,CO,1612,N36272,142.0,134,128.0,6.0,-2.0,OMA,IAH,781,4,10,0,0
2001,5,12,6,2043.0,2045,2158.0,2147,DL,880,-N614D,75.0,62,37.0,11.0,-2.0,ATL,SAV,215,4,34,0,0
2001,6,29,5,1930.0,1930,2318.0,2315,WN,1850,N783@@,168.0,165,151.0,3.0,0.0,MCI,MHT,1236,2,15,0,0
2001,3,13,2,2120.0,2120,2217.0,2215,WN,189,N331@@,117.0,115,102.0,2.0,0.0,BWI,MDW,611,2,13,0,0
2001,5,1,2,1601.0,1600,1715.0,1738,AA,341,N271A1,134.0,158,105.0,-23.0,1.0,LGA,ORD,733,8,21,0,0
2001,5,4,5,747.0,750,900.0,907,US,964,N857äâ,73.0,77,56.0,-7.0,-3.0,PIT,RDU,328,4,13,0,0
2001,3,24,6,1911.0,1855,2021.0,2018,US,1757,N707äæ,70.0,83,58.0,3.0,16.0,BWI,CLT,361,4,8,0,0
2001,5,25,5,1619.0,1610,1728.0,1714,DL,1219,-N984D,69.0,64,38.0,14.0,9.0,ATL,TLH,223,9,22,0,0
2001,4,12,4,932.0,935,1253.0,1241,NW,998,N301N2,201.0,186,172.0,12.0,-3.0,MIA,DTW,1145,14,15,0,0
2001,4,28,6,1149.0,1150,1747.0,1742,TW,152,N9414æ,238.0,232,214.0,5.0,-1.0,PDX,STL,1708,9,15,0,0
2001,1,19,5,1303.0,1310,1504.0,1443,DL,1557,-N657D,121.0,93,78.0,21.0,-7.0,CMH,ATL,446,6,37,0,0
2001,5,1,2,1153.0,1153,1345.0,1305,AA,670,N446A1,112.0,72,55.0,40.0,0.0,OAK,LAX,337,11,46,0,0
2001,8,10,5,2333.0,2255,11.0,2338,DL,2174,-N998D,38.0,43,24.0,33.0,38.0,CVG,SDF,83,3,11,0,0
2001,4,11,3,1823.0,1830,2024.0,2036,DL,2114,-N605D,61.0,66,36.0,-12.0,-7.0,BNA,ATL,214,8,17,0,0
2001,8,24,5,1515.0,1515,1617.0,1620,WN,32,N94@@@,62.0,65,51.0,-3.0,0.0,DAL,AMA,324,4,7,0,0
2001,2,7,3,2137.0,2140,2235.0,2239,US,1742,N881äâ,58.0,59,40.0,-4.0,-3.0,PHL,ORF,211,3,15,0,0
2001,4,28,6,947.0,950,1136.0,1156,DL,339,-N671D,109.0,126,90.0,-20.0,-3.0,BDL,CVG,661,7,12,0,0
2001,5,19,6,2050.0,2055,2205.0,2229,NW,1069,N348Næ,75.0,94,59.0,-24.0,-5.0,MDW,MSP,349,7,9,0,0
2001,3,22,4,710.0,715,803.0,820,MQ,3576,-N380M,53.0,65,34.0,-17.0,-5.0,ILE,DFW,130,11,8,0,0
2001,3,16,5,1242.0,1234,1352.0,1350,AA,2822,NR02A1,70.0,76,60.0,2.0,8.0,SNA,SJC,342,2,8,0,0
2001,2,25,7,1226.0,1230,1453.0,1500,DL,2407,-N309D,147.0,150,120.0,-7.0,-4.0,MCO,IND,828,10,17,0,0
2001,10,13,6,1123.0,1120,1228.0,1240,AA,1928,N415A1,65.0,80,51.0,-12.0,3.0,LAX,SFO,337,4,10,0,0
2001,8,28,2,629.0,630,920.0,920,DL,846,-N624D,111.0,110,81.0,0.0,-1.0,SJC,SLC,585,4,26,0,0
2001,5,8,2,632.0,635,907.0,906,AS,447,N933Aâ,155.0,151,137.0,1.0,-3.0,ONT,SEA,956,5,13,0,0
2001,1,10,3,1116.0,1000,1208.0,1055,WN,853,N511@@,52.0,55,38.0,73.0,76.0,BUR,LAS,223,4,10,0,0
2001,6,30,6,1754.0,1755,2013.0,2003,US,1200,N352äâ,139.0,128,107.0,10.0,-1.0,MCO,DCA,759,9,23,0,0
2001,4,21,6,740.0,745,925.0,939,AA,393,N566A1,165.0,174,141.0,-14.0,-5.0,MIA,IAH,964,9,15,0,0
2001,6,5,2,728.0,735,1017.0,1016,TW,885,N639ãæ,349.0,341,325.0,1.0,-7.0,JFK,LAX,2475,6,18,0,0
2001,11,12,1,1600.0,1605,1843.0,1848,DL,2081,-N944D,163.0,163,130.0,-5.0,-5.0,MHT,ATL,952,21,12,0,0
2001,9,8,6,1622.0,1624,1722.0,1730,AA,840,N3BJA1,60.0,66,46.0,-8.0,-2.0,LAX,SJC,308,3,11,0,0
2001,4,16,1,2206.0,2130,2244.0,2226,NW,294,N304äâ,38.0,56,24.0,18.0,36.0,DTW,GRR,120,5,9,0,0
2001,10,9,2,815.0,815,1012.0,1010,WN,608,N96@@@,57.0,55,40.0,2.0,0.0,MDW,DTW,229,2,15,0,0
2001,7,23,1,1840.0,1840,1929.0,1930,WN,432,N130@@,49.0,50,41.0,-1.0,0.0,ABQ,ELP,223,2,6,0,0
2001,7,30,1,1522.0,1500,1640.0,1620,WN,273,N93@@@,78.0,80,66.0,20.0,22.0,DAL,MSY,437,4,8,0,0
2001,7,20,5,1718.0,1710,1852.0,1846,NW,1269,N311äâ,154.0,156,129.0,6.0,8.0,MSP,BZN,874,5,20,0,0
2001,5,8,2,1358.0,1402,1620.0,1627,AS,488,N709Aâ,142.0,145,118.0,-7.0,-4.0,PDX,SNA,859,4,20,0,0
2001,8,6,1,734.0,735,1206.0,1200,DL,654,-N655D,212.0,205,182.0,6.0,-1.0,DFW,LGA,1389,14,16,0,0
2001,2,6,2,2151.0,2153,2317.0,2325,CO,1618,N11641,86.0,92,70.0,-8.0,-2.0,IAH,BHM,562,2,14,0,0
2001,6,27,3,1919.0,1920,2052.0,2052,DL,2030,N920D5,93.0,92,68.0,0.0,-1.0,CVG,ORF,485,6,19,0,0
2001,12,17,1,1730.0,1730,1825.0,1835,WN,2015,N362@@,55.0,65,47.0,-10.0,0.0,LIT,DAL,296,3,5,0,0
2001,1,6,6,1227.0,1227,1256.0,1255,AQ,30,-N804A,29.0,28,21.0,1.0,0.0,OGG,KOA,84,3,5,0,0
2001,4,17,2,1720.0,1720,1806.0,1810,CO,1727,N69826,46.0,50,29.0,-4.0,0.0,IAH,AUS,140,4,13,0,0
2001,4,7,6,746.0,730,841.0,818,MQ,3214,-N349M,55.0,48,32.0,23.0,16.0,SAN,LAX,109,5,18,0,0
2001,3,18,7,1120.0,1120,1327.0,1326,UA,71,N552ä1,247.0,246,220.0,1.0,0.0,EWR,DEN,1605,12,15,0,0
2001,9,7,5,1123.0,1120,1257.0,1313,AA,1557,N878A1,154.0,173,132.0,-16.0,3.0,DTW,DFW,987,13,9,0,0
2001,12,13,4,1810.0,1805,2134.0,2105,DL,2111,-N668D,204.0,180,158.0,29.0,5.0,BOS,ATL,946,10,36,0,0
2001,7,27,5,833.0,833,1021.0,1027,HP,104,N903Aæ,288.0,294,265.0,-6.0,0.0,BWI,LAS,2106,5,18,0,0
2001,9,25,2,1255.0,1257,1528.0,1521,TW,596,N921ãæ,93.0,84,69.0,7.0,-2.0,STL,CMH,410,4,20,0,0
2001,7,21,6,702.0,705,926.0,937,UA,1233,N461ä1,264.0,272,247.0,-11.0,-3.0,MSY,SFO,1911,7,10,0,0
2001,12,12,3,1944.0,1949,2126.0,2142,US,1636,N113äæ,102.0,113,86.0,-16.0,-5.0,BOS,PIT,496,4,12,0,0
2001,4,11,3,808.0,810,914.0,909,AS,88,N976Aâ,66.0,59,51.0,5.0,-2.0,FAI,ANC,261,4,11,0,0
2001,2,9,5,2203.0,2105,100.0,14,NW,934,N286äâ,117.0,129,105.0,46.0,58.0,MEM,MIA,860,4,8,0,0
2001,5,28,1,840.0,840,956.0,1005,WN,794,N605@@,76.0,85,66.0,-9.0,0.0,SMF,SAN,480,2,8,0,0
2001,7,30,1,1721.0,1720,2008.0,2022,UA,29,N606ä1,347.0,362,311.0,-14.0,1.0,JFK,LAX,2475,8,28,0,0
2001,1,17,3,1724.0,1725,1836.0,1822,DL,684,-N379D,72.0,57,50.0,14.0,-1.0,AUS,DFW,190,11,11,0,0
2001,7,22,7,704.0,700,1017.0,1020,DL,794,-N905D,133.0,140,112.0,-3.0,4.0,AUS,ATL,813,10,11,0,0
2001,1,30,2,705.0,705,946.0,940,WN,416,N503@@,101.0,95,80.0,6.0,0.0,OAK,SLC,588,2,19,0,0
2001,2,26,1,1402.0,1408,1651.0,1645,US,894,N779Aä,169.0,157,149.0,6.0,-6.0,RSW,PHL,992,10,10,0,0
2001,6,28,4,846.0,850,1024.0,1036,UA,1951,N469ä1,218.0,226,195.0,-12.0,-4.0,MCO,DEN,1545,7,16,0,0
2001,4,24,2,1209.0,1205,1309.0,1306,US,1219,N889äâ,60.0,61,42.0,3.0,4.0,CLT,RIC,256,4,14,0,0
2001,9,9,7,815.0,810,935.0,928,MQ,3469,-N344M,80.0,78,60.0,7.0,5.0,DFW,FSM,228,4,16,0,0
2001,11,6,2,1757.0,1800,1826.0,1848,US,865,N858äâ,89.0,108,77.0,-22.0,-3.0,CLT,MEM,512,2,10,0,0
2001,7,11,3,1444.0,1445,1530.0,1533,NW,1604,N920Ræ,46.0,48,26.0,-3.0,-1.0,LIT,MEM,129,6,14,0,0
2001,1,16,2,734.0,720,1018.0,1012,NW,401,N787N3,164.0,172,135.0,6.0,14.0,MSP,DFW,852,13,16,0,0
2001,6,17,7,1558.0,1535,1922.0,1900,TW,160,N713ãæ,144.0,145,113.0,22.0,23.0,STL,LGA,887,4,27,0,0
2001,7,15,7,1845.0,1845,1940.0,1945,WN,146,N794@@,55.0,60,40.0,-5.0,0.0,BWI,ISP,220,5,10,0,0
2001,9,26,3,1505.0,1511,1550.0,1601,MQ,4318,-N617M,45.0,50,37.0,-11.0,-6.0,CMI,ORD,135,3,5,0,0
2001,11,30,5,800.0,800,854.0,855,WN,315,N791@@,54.0,55,44.0,-1.0,0.0,RDU,BWI,255,6,4,0,0
2001,7,17,2,654.0,700,1022.0,1046,NW,710,N537äâ,148.0,166,129.0,-24.0,-6.0,MSP,LGA,1020,6,13,0,0
2001,9,27,4,1354.0,1355,1708.0,1714,UA,1641,N443ä1,134.0,139,110.0,-6.0,-1.0,LAX,DEN,862,8,16,0,0
2001,7,2,1,1310.0,1313,1931.0,1917,AA,806,N202A1,261.0,244,232.0,14.0,-3.0,SAN,ORD,1723,10,19,0,0
2001,7,20,5,1500.0,1500,2008.0,2020,WN,676,N724@@,188.0,200,177.0,-12.0,0.0,PHX,BNA,1448,3,8,0,0
2001,8,27,1,1229.0,1235,1317.0,1324,DL,1497,N682D1,168.0,169,143.0,-7.0,-6.0,CVG,DEN,1069,7,18,0,0
2001,10,23,2,641.0,645,900.0,915,CO,1169,N60312,139.0,150,115.0,-15.0,-4.0,EWR,ATL,745,10,14,0,0
2001,2,25,7,1926.0,1920,2151.0,2135,DL,2057,N67034,145.0,135,113.0,16.0,6.0,CVG,BOS,752,12,20,0,0
2001,6,29,5,715.0,715,921.0,900,MQ,5248,-N319M,126.0,105,90.0,21.0,0.0,JAX,MIA,334,10,26,0,0
2001,8,11,6,1015.0,1015,1156.0,1152,DL,1438,-N938D,101.0,97,71.0,4.0,0.0,ORF,CVG,485,7,23,0,0
2001,10,2,2,2130.0,2130,2238.0,2240,WN,352,N376@@,68.0,70,62.0,-2.0,0.0,LAX,OAK,337,3,3,0,0
2001,11,7,3,603.0,615,703.0,729,DL,1639,-N910D,60.0,74,47.0,-26.0,-12.0,LEX,ATL,303,5,8,0,0
2001,12,15,6,1401.0,1402,1536.0,1537,TW,2603,N4èJãæ,95.0,95,79.0,-1.0,-1.0,STL,OKC,462,4,12,0,0
2001,3,7,3,907.0,910,1012.0,1012,HP,132,N311Aæ,65.0,62,52.0,0.0,-3.0,SNA,LAS,226,5,8,0,0
2001,12,28,5,1327.0,1330,1539.0,1528,NW,685,N619Næ,192.0,178,163.0,11.0,-3.0,PHL,MSP,980,7,22,0,0
2001,7,27,5,820.0,815,1040.0,1040,WN,490,N314@@,80.0,85,67.0,0.0,5.0,BNA,DTW,457,5,8,0,0
2001,4,24,2,1603.0,1606,1843.0,1846,HP,792,N327Aæ,160.0,160,144.0,-3.0,-3.0,PHX,PDX,1009,3,13,0,0
2001,3,12,1,1520.0,1525,1654.0,1705,US,904,N855äâ,94.0,100,75.0,-11.0,-5.0,CLT,IND,428,8,11,0,0
2001,2,22,4,1524.0,1515,1710.0,1701,US,1100,N409äâ,106.0,106,86.0,9.0,9.0,CLT,ROC,573,5,15,0,0
2001,4,23,1,2046.0,2050,2159.0,2206,UA,2401,N930ä1,73.0,76,59.0,-7.0,-4.0,SFO,ONT,363,3,11,0,0
2001,1,18,4,1344.0,1344,1636.0,1635,AA,1098,N203A1,112.0,111,89.0,1.0,0.0,DEN,DFW,641,9,14,0,0
2001,4,22,7,1640.0,1220,1751.0,1335,MQ,4366,-N620M,131.0,135,113.0,256.0,260.0,ORF,ORD,717,8,10,0,0
2001,5,16,3,701.0,700,812.0,815,MQ,3695,-N538M,71.0,75,58.0,-3.0,1.0,DFW,TUL,237,3,10,0,0
2001,5,23,3,2140.0,1944,2324.0,2118,UA,1817,N998ä1,104.0,94,77.0,126.0,116.0,ORD,MEM,491,3,24,0,0
2001,3,30,5,2015.0,2020,2128.0,2132,US,1478,N889äâ,73.0,72,57.0,-4.0,-5.0,SDF,PIT,335,5,11,0,0
2001,2,20,2,1309.0,1310,1730.0,1742,AA,730,N627A1,201.0,212,167.0,-12.0,-1.0,DFW,LGA,1389,16,18,0,0
2001,2,9,5,611.0,615,720.0,728,UA,749,N940ä1,129.0,133,116.0,-8.0,-4.0,ABE,ORD,654,3,10,0,0
2001,11,5,1,1540.0,1540,1640.0,1635,WN,898,N73@@@,60.0,55,47.0,5.0,0.0,TPA,FLL,197,3,10,0,0
2001,8,14,2,1304.0,1310,1426.0,1443,CO,1774,N17328,82.0,93,67.0,-17.0,-6.0,IAH,PNS,489,4,11,0,0
2001,9,29,6,1423.0,1430,1632.0,1650,DL,554,-N912D,129.0,140,109.0,-18.0,-7.0,ATL,LGA,761,6,14,0,0
2001,6,30,6,655.0,700,910.0,923,AS,521,N765Aâ,135.0,143,116.0,-13.0,-5.0,SAN,PDX,933,3,16,0,0
2001,3,20,2,715.0,716,1006.0,944,AA,705,N731A1,171.0,148,154.0,22.0,-1.0,IAD,MIA,921,5,12,0,0
2001,3,14,3,813.0,800,951.0,945,UA,2256,N392ä1,98.0,105,84.0,6.0,13.0,SFO,PDX,550,4,10,0,0
2001,8,1,3,1900.0,1900,2052.0,2110,MQ,4538,-N701M,112.0,130,73.0,-18.0,0.0,LGA,DTW,501,12,27,0,0
2001,10,26,5,1543.0,1542,1704.0,1704,AS,689,N768Aâ,81.0,82,65.0,0.0,1.0,PSP,SFO,421,7,9,0,0
2001,4,18,3,1632.0,1635,1726.0,1737,TW,542,N984é@,54.0,62,41.0,-11.0,-3.0,DSM,STL,260,5,8,0,0
2001,4,13,5,1946.0,1950,2104.0,2115,CO,501,N16807,138.0,145,106.0,-11.0,-4.0,EWR,IND,644,9,23,0,0
2001,7,16,1,1050.0,1050,1136.0,1151,DL,603,-N946D,46.0,61,30.0,-15.0,0.0,TYS,ATL,152,7,9,0,0
2001,12,2,7,1038.0,1040,1221.0,1227,CO,1702,N23661,103.0,107,81.0,-6.0,-2.0,IAH,BNA,657,3,19,0,0
2001,5,29,2,1338.0,1340,1413.0,1427,TW,557,N403ãæ,95.0,107,79.0,-14.0,-2.0,ATL,STL,483,4,12,0,0
2001,3,27,2,957.0,1000,1219.0,1210,MQ,3715,-N533M,142.0,130,116.0,9.0,-3.0,DFW,HRL,461,3,23,0,0
2001,5,15,2,1627.0,1615,1733.0,1736,US,2725,N244äâ,66.0,81,53.0,-3.0,12.0,PVD,BWI,328,4,9,0,0
2001,1,31,3,1220.0,1220,1340.0,1349,DL,1893,N2815æ,140.0,149,129.0,-9.0,0.0,MCI,SLC,919,2,9,0,0
2001,8,5,7,1627.0,1600,1720.0,1655,WN,46,N601@@,53.0,55,43.0,25.0,27.0,HRL,HOU,276,3,7,0,0
2001,12,18,2,702.0,700,824.0,833,HP,5,N655Aæ,262.0,273,246.0,-9.0,2.0,DTW,LAS,1750,6,10,0,0
2001,12,17,1,1548.0,1550,1643.0,1645,US,543,N821äâ,55.0,55,42.0,-2.0,-2.0,MDT,PIT,185,5,8,0,0
2001,10,16,2,1415.0,1410,1630.0,1630,DL,475,N377D1,135.0,140,119.0,0.0,5.0,EWR,ATL,745,4,12,0,0
2001,5,18,5,1700.0,1700,1757.0,1807,UA,359,N804ä1,177.0,187,163.0,-10.0,0.0,DFW,LAX,1235,3,11,0,0
2001,6,21,4,1223.0,1220,1404.0,1359,NW,291,N321äâ,161.0,159,142.0,5.0,3.0,DCA,MSP,931,5,14,0,0
2001,7,28,6,1342.0,1330,1709.0,1656,UA,648,N7281ä,147.0,146,89.0,13.0,12.0,ORD,EWR,719,7,51,0,0
2001,11,24,6,957.0,1000,1116.0,1121,AA,815,N208A1,79.0,81,53.0,-5.0,-3.0,SJC,LAX,308,7,19,0,0
2001,1,9,2,1453.0,1455,1525.0,1515,MQ,4274,-N644M,92.0,80,52.0,10.0,-2.0,CMH,ORD,296,5,35,0,0
2001,1,25,4,1740.0,1741,1824.0,1821,US,421,N868äâ,44.0,40,22.0,3.0,-1.0,CLT,GSO,83,5,17,0,0
2001,1,3,3,717.0,710,1337.0,1325,WN,2006,N772@@,260.0,255,243.0,12.0,7.0,OAK,BNA,1959,4,13,0,0
2001,5,26,6,1511.0,1510,1643.0,1630,MQ,5061,-N261M,92.0,80,66.0,13.0,1.0,BOS,JFK,187,10,16,0,0
2001,11,20,2,1425.0,1415,1559.0,1609,NW,960,N365Næ,154.0,174,130.0,-10.0,10.0,LGA,MEM,963,6,18,0,0
2001,6,4,1,936.0,935,1148.0,1144,DL,1867,-N677D,252.0,249,218.0,4.0,1.0,DFW,SEA,1660,5,29,0,0
2001,7,29,7,2150.0,2140,2311.0,2259,US,859,N434äâ,141.0,139,104.0,12.0,10.0,PHL,ORD,678,5,32,0,0
2001,10,2,2,1523.0,1520,1621.0,1635,WN,1383,N772@@,58.0,75,46.0,-14.0,3.0,SJC,LAX,308,3,9,0,0
2001,1,29,1,630.0,630,715.0,715,WN,614,N74@@@,45.0,45,37.0,0.0,0.0,DAL,OKC,181,2,6,0,0
2001,9,2,7,1800.0,1745,1950.0,1944,CO,1644,N26123,230.0,239,211.0,6.0,15.0,IAH,SFO,1635,6,13,0,0
2001,12,13,4,757.0,800,907.0,924,UA,1436,N948ä1,70.0,84,54.0,-17.0,-3.0,MCI,ORD,403,5,11,0,0
2001,9,22,6,1255.0,1300,1942.0,1949,HP,747,N605Aæ,227.0,229,210.0,-7.0,-5.0,LAS,CMH,1772,5,12,0,0
2001,11,20,2,1314.0,1316,1630.0,1641,NW,200,N320N2,136.0,145,115.0,-11.0,-2.0,MSP,RDU,981,3,18,0,0
2001,4,7,6,1327.0,1250,1641.0,1605,NW,1458,N915Ræ,134.0,135,113.0,36.0,37.0,MEM,FLL,851,4,17,0,0
2001,12,28,5,1957.0,1900,2203.0,2055,MQ,4557,-N738M,126.0,115,109.0,68.0,57.0,BOS,RDU,612,3,14,0,0
2001,9,16,7,1720.0,1720,1715.0,1720,WN,508,N321@@,55.0,60,48.0,-5.0,0.0,LBB,ELP,295,2,5,0,0
2001,7,26,4,1740.0,1510,1840.0,1621,UA,1716,N454ä1,60.0,71,40.0,139.0,150.0,IAD,LGA,229,4,16,0,0
2001,9,9,7,657.0,700,1106.0,1108,AA,1750,N244A1,189.0,188,170.0,-2.0,-3.0,DFW,PHL,1302,7,12,0,0
2001,5,13,7,1346.0,1340,1534.0,1524,UA,2262,N360ä1,108.0,104,76.0,10.0,6.0,SFO,PDX,550,2,30,0,0
2001,8,17,5,606.0,608,918.0,923,AA,1088,N487A1,132.0,135,103.0,-5.0,-2.0,BNA,LGA,764,14,15,0,0
2001,9,5,3,1315.0,1315,1558.0,1606,NW,100,N511äâ,103.0,111,78.0,-8.0,0.0,MSP,DTW,528,11,14,0,0
2001,9,28,5,1940.0,1940,2034.0,2040,WN,59,N94@@@,54.0,60,43.0,-6.0,0.0,LIT,DAL,296,3,8,0,0
2001,11,8,4,1545.0,1520,1702.0,1644,UA,683,N942ä1,77.0,84,65.0,18.0,25.0,ORD,OMA,416,2,10,0,0
2001,12,5,3,1537.0,1540,1717.0,1722,US,576,N424äâ,100.0,102,81.0,-5.0,-3.0,CLT,BUF,546,3,16,0,0
2001,4,10,2,1459.0,1505,1638.0,1630,DL,1168,-N942D,99.0,85,61.0,8.0,-6.0,CVG,RDU,390,7,31,0,0
2001,2,8,4,1800.0,1800,1928.0,1914,AA,1520,N2BGA1,88.0,74,57.0,14.0,0.0,STL,ORD,258,10,21,0,0
2001,3,5,1,1002.0,1000,1353.0,1356,AA,763,N3BEA1,171.0,176,147.0,-3.0,2.0,ORD,MIA,1197,12,12,0,0
2001,8,26,7,1309.0,1315,1359.0,1409,US,454,N530Aä,50.0,54,34.0,-10.0,-6.0,CHS,CLT,168,6,10,0,0
2001,6,29,5,1434.0,1419,1743.0,1730,AA,1186,N2BäA1,129.0,131,102.0,13.0,15.0,DFW,ATL,732,11,16,0,0
2001,11,23,5,1846.0,1850,2008.0,2017,US,474,N898äâ,82.0,87,65.0,-9.0,-4.0,ORF,PIT,330,5,12,0,0
2001,5,5,6,812.0,815,913.0,925,MQ,4606,-N345M,61.0,70,47.0,-12.0,-3.0,BOS,BTV,181,2,12,0,0
2001,1,18,4,1055.0,1055,1425.0,1449,US,2628,N269Aä,210.0,234,181.0,-24.0,0.0,LGA,RSW,1080,3,26,0,0
2001,6,3,7,1012.0,1015,1133.0,1132,NW,1769,N785N3,81.0,77,60.0,1.0,-3.0,IND,MEM,381,9,12,0,0
2001,11,23,5,722.0,700,1103.0,1042,US,744,N559Aä,161.0,162,137.0,21.0,22.0,IAH,PIT,1117,6,18,0,0
2001,8,18,6,1401.0,1405,1504.0,1522,UA,2040,N923ä1,63.0,77,51.0,-18.0,-4.0,LAX,SFO,337,3,9,0,0
2001,7,19,4,2039.0,2046,2231.0,2243,CO,1577,N70353,232.0,237,200.0,-12.0,-7.0,IAH,SMF,1609,6,26,0,0
2001,7,30,1,1931.0,1935,1955.0,1950,AA,1599,N2BDA1,84.0,75,46.0,5.0,-4.0,DTW,ORD,235,8,30,0,0
2001,4,10,2,1704.0,1705,2018.0,2020,UA,546,N579ä1,134.0,135,105.0,-2.0,-1.0,ORD,PVD,849,4,25,0,0
2001,8,14,2,1120.0,1103,1231.0,1224,NW,1590,N773N3,71.0,81,55.0,7.0,17.0,BIS,MSP,386,10,6,0,0
2001,7,3,2,1550.0,1540,2318.0,2325,WN,2121,N704@@,268.0,285,257.0,-7.0,10.0,LAS,ALB,2237,3,8,0,0
2001,6,19,2,2228.0,2233,2315.0,2319,MQ,3777,-N370M,47.0,46,25.0,-4.0,-5.0,DFW,ACT,89,6,16,0,0
2001,9,9,7,1145.0,1145,1240.0,1245,WN,18,N85@@@,55.0,60,48.0,-5.0,0.0,DAL,MAF,319,2,5,0,0
2001,12,6,4,1542.0,1455,1805.0,1723,UA,442,N454ä1,143.0,148,117.0,42.0,47.0,SEA,LAX,954,11,15,0,0
2001,7,15,7,933.0,935,1015.0,1025,US,775,-N925å,42.0,50,25.0,-10.0,-2.0,PIT,CMH,144,3,14,0,0
2001,5,6,7,909.0,915,945.0,1006,DL,1881,-N963D,96.0,111,82.0,-21.0,-6.0,CVG,MCI,539,4,10,0,0
2001,11,20,2,856.0,900,924.0,934,UA,745,N333ä1,88.0,94,74.0,-10.0,-4.0,PIT,ORD,412,4,10,0,0
2001,10,25,4,1257.0,1300,1612.0,1621,AA,2292,N219A1,135.0,141,104.0,-9.0,-3.0,STL,JFK,892,10,21,0,0
2001,10,7,7,1703.0,1650,2223.0,2228,DL,558,N174Dé,200.0,218,179.0,-5.0,13.0,SLC,ATL,1589,8,13,0,0
2001,1,27,6,1334.0,1335,1500.0,1453,DL,1453,N8891é,86.0,78,62.0,7.0,-1.0,LIT,DFW,304,12,12,0,0
2001,9,6,4,2025.0,2025,2125.0,2131,HP,791,N652Aæ,60.0,66,46.0,-6.0,0.0,PHX,LAS,256,5,9,0,0
2001,9,5,3,1820.0,1820,1924.0,1920,WN,2107,N90@@@,64.0,60,55.0,4.0,0.0,AMA,DAL,324,4,5,0,0
2001,4,3,2,927.0,935,1218.0,1144,DL,1015,-N925D,171.0,129,100.0,34.0,-8.0,LGA,CVG,585,4,67,0,0
2001,6,24,7,835.0,835,1623.0,1628,DL,490,-N653D,288.0,293,270.0,-5.0,0.0,PHX,JFK,2153,7,11,0,0
2001,3,25,7,848.0,845,1013.0,1017,UA,729,N991ä1,85.0,92,65.0,-4.0,3.0,ORD,MSP,334,2,18,0,0
2001,12,3,1,840.0,840,940.0,940,WN,1900,N328@@,60.0,60,46.0,0.0,0.0,SJC,BUR,296,2,12,0,0
2001,12,30,7,951.0,940,1054.0,1053,US,2419,N339äâ,63.0,73,45.0,1.0,11.0,PHL,SYR,228,4,14,0,0
2001,4,28,6,2148.0,2155,2316.0,2332,UA,1245,N322ä1,148.0,157,136.0,-16.0,-7.0,DEN,PDX,992,2,10,0,0
2001,11,24,6,620.0,630,740.0,750,DL,1901,N291æ1,80.0,80,57.0,-10.0,-10.0,MSO,SLC,436,8,15,0,0
2001,10,6,6,900.0,900,952.0,955,WN,12,N92@@@,52.0,55,40.0,-3.0,0.0,HOU,DAL,239,2,10,0,0
2001,12,15,6,2204.0,2145,2252.0,2249,US,738,N716äæ,48.0,64,31.0,3.0,19.0,PHL,IAD,134,4,13,0,0
2001,1,6,6,1155.0,1135,1309.0,1307,US,1252,N514Aä,74.0,92,52.0,2.0,20.0,PIT,LGA,335,9,13,0,0
2001,7,15,7,911.0,915,1042.0,1046,CO,1254,N72825,91.0,91,74.0,-4.0,-4.0,CMH,EWR,462,5,12,0,0
2001,2,7,3,1930.0,1910,2101.0,2004,DL,493,-N6714,151.0,114,90.0,57.0,20.0,SLC,LAX,590,6,55,0,0
2001,1,14,7,1030.0,1030,1115.0,1120,WN,841,N362@@,45.0,50,32.0,-5.0,0.0,RNO,OAK,180,5,8,0,0
2001,7,17,2,853.0,853,959.0,1005,TW,141,N412ãæ,66.0,72,45.0,-6.0,0.0,STL,LIT,296,3,18,0,0
2001,6,1,5,1450.0,1450,1848.0,1742,NW,1058,N942N@,178.0,112,93.0,66.0,0.0,MSP,CVG,596,5,80,0,0
2001,7,15,7,2035.0,2035,2141.0,2145,WN,876,N647@@,66.0,70,44.0,-4.0,0.0,STL,LIT,296,4,18,0,0
2001,7,13,5,936.0,940,1522.0,1553,UA,858,N572ä1,226.0,253,206.0,-31.0,-4.0,SFO,ORD,1846,7,13,0,0
2001,11,25,7,1431.0,1430,1553.0,1540,UA,1185,N533ä1,142.0,130,124.0,13.0,1.0,DEN,SAN,853,4,14,0,0
2001,6,13,3,1405.0,1405,1527.0,1530,WN,1023,N85@@@,82.0,85,70.0,-3.0,0.0,TUL,HOU,453,3,9,0,0
2001,11,29,4,2200.0,2200,2250.0,2250,WN,66,N83@@@,50.0,50,43.0,0.0,0.0,HOU,DAL,239,2,5,0,0
2001,7,19,4,959.0,955,1101.0,1059,DL,1816,-N622D,62.0,64,40.0,2.0,4.0,ATL,JAX,270,9,13,0,0
2001,8,17,5,1259.0,1300,1416.0,1427,UA,2679,N382ä1,77.0,87,63.0,-11.0,-1.0,TUS,LAX,451,5,9,0,0
2001,9,25,2,1725.0,1725,1748.0,1800,WN,1407,N744@@,83.0,95,70.0,-12.0,0.0,DTW,BNA,457,3,10,0,0
2001,7,11,3,2055.0,2055,2156.0,2205,WN,421,N64@@@,61.0,70,51.0,-9.0,0.0,JAX,FLL,318,3,7,0,0
2001,4,26,4,627.0,630,805.0,824,AA,1043,N290A1,98.0,114,78.0,-19.0,-3.0,STL,DFW,551,13,7,0,0
2001,1,16,2,1837.0,1800,1926.0,1915,UA,1059,N558ä1,109.0,135,94.0,11.0,37.0,DEN,RNO,804,5,10,0,0
2001,9,3,1,1647.0,1645,1729.0,1730,UA,1451,N805ä1,102.0,105,80.0,-1.0,2.0,ROC,ORD,528,9,13,0,0
2001,5,30,3,2029.0,2030,2145.0,2148,DL,2075,-N914D,136.0,138,115.0,-3.0,-1.0,CVG,DFW,812,5,16,0,0
2001,12,5,3,700.0,700,823.0,825,WN,474,N600@@,83.0,85,69.0,-2.0,0.0,MSY,DAL,437,4,10,0,0
2001,11,11,7,836.0,837,1018.0,1014,TW,571,N412ãæ,102.0,97,81.0,4.0,-1.0,STL,FSD,471,4,17,0,0
2001,12,14,5,614.0,620,701.0,712,US,1405,N435äâ,47.0,52,33.0,-11.0,-6.0,MYR,CLT,156,3,11,0,0
2001,5,8,2,1820.0,1815,1940.0,1935,AA,2774,N3AèA1,80.0,80,65.0,5.0,5.0,SNA,SFO,372,3,12,0,0
2001,7,13,5,842.0,840,1005.0,1002,NW,1815,N961N@,83.0,82,62.0,3.0,2.0,MEM,MCI,392,7,14,0,0
2001,6,26,2,2149.0,2150,38.0,43,CO,1574,N19623,109.0,113,86.0,-5.0,-1.0,IAH,ATL,689,6,17,0,0
2001,3,15,4,1404.0,1351,1508.0,1457,US,2638,N247äâ,124.0,126,111.0,11.0,13.0,BWI,MDW,611,3,10,0,0
2001,1,21,7,1816.0,1810,2048.0,2124,US,54,N711äæ,332.0,374,310.0,-36.0,6.0,PHL,SAN,2369,7,15,0,0
2001,8,7,2,2158.0,2200,130.0,121,CO,1850,N77261,152.0,141,125.0,9.0,-2.0,IAH,FLL,965,5,22,0,0
2001,12,17,1,1445.0,1444,1627.0,1615,UA,269,N667ä1,162.0,151,126.0,12.0,1.0,ORD,DEN,888,5,31,0,0
2001,10,22,1,1614.0,1540,1902.0,1737,US,1128,N733äæ,168.0,117,87.0,85.0,34.0,FLL,CLT,631,5,76,0,0
2001,8,19,7,2122.0,2120,534.0,530,AA,298,N392A1,312.0,310,290.0,4.0,2.0,HNL,LAX,2556,4,18,0,0
2001,2,3,6,1720.0,1720,1953.0,1958,AS,481,N709Aâ,153.0,158,141.0,-5.0,0.0,LAX,SEA,954,4,8,0,0
2001,1,18,4,1535.0,1535,1730.0,1720,WN,143,N641@@,175.0,165,157.0,10.0,0.0,MCO,AUS,993,3,15,0,0
2001,2,16,5,852.0,850,1132.0,1106,CO,1453,N23707,220.0,196,191.0,26.0,2.0,DCA,IAH,1208,6,23,0,0
2001,10,8,1,600.0,600,859.0,854,DL,1887,-N642D,119.0,114,84.0,5.0,0.0,SEA,SLC,689,7,28,0,0
2001,9,3,1,2100.0,2100,2210.0,2215,WN,501,N400@@,70.0,75,58.0,-5.0,0.0,SMF,ONT,389,5,7,0,0
2001,11,29,4,2148.0,2015,2347.0,2225,DL,1869,N681D1,119.0,130,96.0,82.0,93.0,PHL,ATL,665,11,12,0,0
2001,7,26,4,1123.0,1130,1341.0,1342,AA,2054,N3CJA1,198.0,192,159.0,-1.0,-7.0,MIA,ORD,1197,7,32,0,0
2001,8,13,1,1330.0,1330,1418.0,1430,WN,35,N722@@,48.0,60,44.0,-12.0,0.0,AMA,DAL,324,2,2,0,0
2001,10,23,2,2105.0,2115,2208.0,2219,DL,1627,-N904D,63.0,64,32.0,-11.0,-10.0,DFW,AUS,190,7,24,0,0
2001,6,6,3,1045.0,1050,1245.0,1308,CO,1925,N33714,300.0,318,280.0,-23.0,-5.0,EWR,PHX,2133,5,15,0,0
2001,6,14,4,750.0,750,914.0,905,WN,107,N310@@,204.0,195,183.0,9.0,0.0,STL,PHX,1262,4,17,0,0
2001,1,18,4,1657.0,1700,1820.0,1857,NW,43,N146äâ,203.0,237,185.0,-37.0,-3.0,MSP,SEA,1399,4,14,0,0
2001,12,11,2,1929.0,1930,2027.0,2027,UA,479,N936ä1,58.0,57,37.0,0.0,-1.0,ORD,CID,196,3,18,0,0
2001,1,27,6,1740.0,1740,2008.0,2015,WN,1104,N728@@,148.0,155,137.0,-7.0,0.0,TPA,ISP,1034,4,7,0,0
2001,4,18,3,1106.0,1110,1343.0,1331,NW,414,N917Ræ,157.0,141,129.0,12.0,-4.0,DFW,MSP,852,8,20,0,0
2001,8,8,3,1534.0,1525,2255.0,2239,DL,1136,N684D1,261.0,254,230.0,16.0,9.0,ONT,ATL,1900,8,23,0,0
2001,4,12,4,752.0,750,1157.0,1105,UA,242,N671ä1,185.0,135,145.0,52.0,2.0,DEN,ORD,888,7,33,0,0
2001,7,14,6,1900.0,1900,1950.0,1955,WN,51,N731@@,50.0,55,40.0,-5.0,0.0,DAL,HOU,239,5,5,0,0
2001,11,13,2,1605.0,1555,1828.0,1815,WN,1601,N613@@,83.0,80,70.0,13.0,10.0,BNA,CLE,448,3,10,0,0
2001,3,18,7,1302.0,1235,1451.0,1430,MQ,4547,-N732M,109.0,115,83.0,21.0,27.0,LGA,CMH,478,3,23,0,0
2001,6,23,6,929.0,935,1025.0,1035,TW,683,N984ãæ,56.0,60,39.0,-10.0,-6.0,MCI,STL,237,6,11,0,0
2001,10,23,2,2344.0,2349,100.0,100,HP,453,N169Aæ,76.0,71,57.0,0.0,-5.0,LAS,TUS,365,5,14,0,0
2001,7,13,5,1926.0,1922,2011.0,2011,AA,1327,N521A1,165.0,169,140.0,0.0,4.0,DFW,PSP,1126,6,19,0,0
2001,5,7,1,1736.0,1736,2020.0,2014,HP,416,N182Aæ,104.0,98,84.0,6.0,0.0,PHX,COS,551,5,15,0,0
2001,8,9,4,1610.0,1610,1718.0,1721,CO,1297,N70353,188.0,191,160.0,-3.0,0.0,CLE,DEN,1201,9,19,0,0
2001,4,28,6,1656.0,1656,1818.0,1836,US,1604,N763äæ,82.0,100,68.0,-18.0,0.0,PHL,CLT,448,4,10,0,0
2001,8,16,4,1739.0,1745,1916.0,1900,US,1429,N342äâ,97.0,75,77.0,16.0,-6.0,ROC,PHL,257,3,17,0,0
2001,9,15,6,1138.0,1030,1251.0,1155,WN,761,N300@@,73.0,85,65.0,56.0,68.0,OAK,SAN,446,2,6,0,0
2001,1,12,5,1200.0,1200,1255.0,1255,WN,653,N727@@,55.0,55,43.0,0.0,0.0,HOU,MSY,303,2,10,0,0
2001,3,14,3,2315.0,2105,1.0,2200,DL,1531,N521D1,106.0,115,87.0,121.0,130.0,DFW,COS,592,6,13,0,0
2001,1,25,4,530.0,530,651.0,645,WN,1720,N380@@,81.0,75,65.0,6.0,0.0,LAX,OAK,337,3,13,0,0
2001,2,4,7,1037.0,1040,1219.0,1223,CO,1870,N12313,102.0,103,81.0,-4.0,-3.0,IAH,BNA,657,5,16,0,0
2001,7,2,1,845.0,845,1005.0,1006,NW,191,N365Næ,80.0,81,67.0,-1.0,0.0,MCI,MSP,393,3,10,0,0
2001,11,19,1,751.0,759,949.0,1005,AA,631,N292A1,178.0,186,165.0,-16.0,-8.0,CLE,DFW,1021,6,7,0,0
2001,11,11,7,1630.0,1630,1735.0,1745,WN,1664,N607@@,65.0,75,50.0,-10.0,0.0,SJC,LAX,308,7,8,0,0
2001,4,4,3,808.0,749,1052.0,1035,HP,484,N316Aæ,104.0,106,83.0,17.0,19.0,PHX,DEN,602,7,14,0,0
2001,11,16,5,1649.0,1651,1840.0,1900,AA,1251,N3BNA1,231.0,249,207.0,-20.0,-2.0,ORD,RNO,1671,7,17,0,0
2001,1,9,2,2102.0,2110,2207.0,2219,NW,1425,N89345,65.0,69,48.0,-12.0,-8.0,MEM,GPT,324,2,15,0,0
2001,5,9,3,1459.0,1500,1648.0,1647,AA,1025,N584A1,109.0,107,81.0,1.0,-1.0,OMA,DFW,583,19,9,0,0
2001,11,13,2,1825.0,1825,2045.0,2050,WN,232,N762@@,140.0,145,127.0,-5.0,0.0,FLL,BWI,925,3,10,0,0
2001,10,11,4,927.0,930,1053.0,1055,US,181,N113äæ,86.0,85,67.0,-2.0,-3.0,CLT,PIT,366,6,13,0,0
2001,1,12,5,1631.0,1635,12.0,30,CO,102,N12216,281.0,295,263.0,-18.0,-4.0,SAN,EWR,2425,5,13,0,0
2001,8,27,1,1259.0,1300,1532.0,1530,AA,2248,N7ARA1,153.0,150,102.0,2.0,-1.0,DFW,ORD,802,27,24,0,0
2001,2,23,5,850.0,850,1145.0,1145,WN,2116,N765@@,115.0,115,103.0,0.0,0.0,MDW,ISP,765,2,10,0,0
2001,5,8,2,2054.0,2030,2202.0,2155,WN,787,N378@@,68.0,85,56.0,7.0,24.0,PHX,LAX,370,6,6,0,0
2001,12,15,6,1630.0,1630,1856.0,1910,WN,1414,N630@@,86.0,100,76.0,-14.0,0.0,PDX,SLC,630,2,8,0,0
2001,4,13,5,2035.0,2015,31.0,5,AA,1169,N082A1,236.0,230,192.0,26.0,20.0,JFK,SJU,1597,4,40,0,0
2001,9,30,7,1243.0,1245,1600.0,1602,UA,246,N579ä1,137.0,137,110.0,-2.0,-2.0,LAX,DEN,862,9,18,0,0
2001,9,22,6,757.0,755,1352.0,1345,UA,877,N401ä1,295.0,290,265.0,7.0,2.0,ORD,STT,2116,3,27,0,0
2001,8,25,6,1359.0,1400,1625.0,1623,AS,572,N976Aâ,146.0,143,129.0,2.0,-1.0,PDX,SAN,933,3,14,0,0
2001,11,4,7,1913.0,1914,2005.0,2011,UA,366,N348ä1,52.0,57,35.0,-6.0,-1.0,ORD,CID,196,4,13,0,0
2001,8,14,2,1746.0,1745,1922.0,1935,DL,911,-N956D,96.0,110,77.0,-13.0,1.0,CLE,ATL,554,8,11,0,0
2001,3,25,7,1844.0,1850,2233.0,2228,NW,1254,N940N@,169.0,158,133.0,5.0,-6.0,MSP,BDL,1050,7,29,0,0
2001,6,3,7,1320.0,1320,1410.0,1410,WN,1724,N327@@,50.0,50,35.0,0.0,0.0,RNO,OAK,180,5,10,0,0
2001,10,2,2,1220.0,1220,1304.0,1315,WN,945,N617@@,44.0,55,35.0,-11.0,0.0,PBI,TPA,174,4,5,0,0
2001,4,2,1,1005.0,955,1236.0,1230,AS,97,N786Aâ,211.0,215,196.0,6.0,10.0,SEA,ANC,1449,2,13,0,0
2001,3,20,2,908.0,915,1015.0,1024,CO,305,N14383,67.0,69,38.0,-9.0,-7.0,EWR,DCA,199,3,26,0,0
2001,3,31,6,1050.0,1051,1227.0,1228,AA,1354,N2ALA1,97.0,97,83.0,-1.0,-1.0,DFW,BHM,597,4,10,0,0
2001,6,11,1,1142.0,1147,1235.0,1302,CO,1969,N27213,173.0,195,157.0,-27.0,-5.0,IAH,LAS,1222,6,10,0,0
2001,5,11,5,1901.0,1850,2035.0,2026,DL,1222,N307æ1,154.0,156,141.0,9.0,11.0,MCI,SLC,919,4,9,0,0
2001,1,27,6,700.0,700,806.0,812,UA,285,N7466ä,66.0,72,53.0,-6.0,0.0,ORD,STL,258,3,10,0,0
2001,8,9,4,826.0,831,1019.0,1009,AA,2077,N208A1,173.0,158,122.0,10.0,-5.0,ORD,DEN,888,12,39,0,0
2001,4,29,7,1718.0,1721,2007.0,1951,AS,481,N981Aâ,169.0,150,147.0,16.0,-3.0,LAX,SEA,954,2,20,0,0
2001,7,16,1,614.0,615,739.0,731,DL,1144,N901D1,85.0,76,56.0,8.0,-1.0,BIL,SLC,387,7,22,0,0
2001,8,29,3,1824.0,1755,2123.0,2117,UA,1527,N458ä1,299.0,322,284.0,6.0,29.0,DEN,ANC,2406,4,11,0,0
2001,11,8,4,1248.0,1250,1328.0,1334,NW,1036,N89385,40.0,44,24.0,-6.0,-2.0,MEM,LIT,129,4,12,0,0
2001,12,30,7,906.0,910,1037.0,1056,US,2247,N573äâ,91.0,106,64.0,-19.0,-4.0,LGA,PIT,335,6,21,0,0
2001,4,26,4,859.0,905,1045.0,1048,AS,313,N609Aâ,106.0,103,78.0,-3.0,-6.0,SJC,PDX,569,2,26,0,0
2001,5,24,4,1340.0,1340,1433.0,1430,WN,359,N748@@,53.0,50,31.0,3.0,0.0,LAS,ONT,197,5,17,0,0
2001,4,24,2,1157.0,1200,1402.0,1404,AA,2795,NR71A1,125.0,124,102.0,-2.0,-3.0,SEA,SJC,697,5,18,0,0
2001,5,15,2,1130.0,1125,1542.0,1535,WN,809,N753@@,192.0,190,180.0,7.0,5.0,SAT,BWI,1407,4,8,0,0
2001,7,9,1,1918.0,1915,2013.0,2026,AA,1658,N546A1,55.0,71,39.0,-13.0,3.0,DFW,TUL,237,3,13,0,0
2001,2,20,2,910.0,915,958.0,1011,US,1120,N820äâ,48.0,56,35.0,-13.0,-5.0,PIT,BUF,186,3,10,0,0
2001,1,18,4,1728.0,1710,1833.0,1815,DL,245,N517D1,125.0,125,107.0,18.0,18.0,ATL,TUL,674,6,12,0,0
2001,11,13,2,2240.0,2244,2242.0,2255,HP,640,N312Aæ,62.0,71,50.0,-13.0,-4.0,PHX,ONT,325,6,6,0,0
2001,2,28,3,1220.0,1220,1223.0,1225,WN,1823,N360@@,63.0,65,50.0,-2.0,0.0,DTW,MDW,229,3,10,0,0
2001,12,3,1,1809.0,1815,2003.0,2001,UA,1241,N586ä1,174.0,166,148.0,2.0,-6.0,TPA,ORD,1012,8,18,0,0
2001,9,20,4,803.0,805,1004.0,1015,DL,1647,N304æ1,181.0,190,162.0,-11.0,-2.0,IAH,SLC,1195,6,13,0,0
2001,4,2,1,1740.0,1705,2040.0,2005,AA,823,N5DAA1,360.0,360,327.0,35.0,35.0,MIA,LAX,2342,5,28,0,0
2001,6,10,7,2150.0,2130,2244.0,2235,WN,350,N506@@,54.0,65,43.0,9.0,20.0,LAS,PHX,256,3,8,0,0
2001,5,17,4,1625.0,1610,2046.0,2019,US,2134,N109äæ,261.0,249,237.0,27.0,15.0,STX,PHL,1650,12,12,0,0
2001,7,20,5,635.0,635,750.0,750,WN,402,N728@@,75.0,75,68.0,0.0,0.0,HOU,TUL,453,2,5,0,0
2001,6,2,6,1604.0,1606,1644.0,1638,MQ,4386,-N605M,100.0,92,64.0,6.0,-2.0,CLE,ORD,316,9,27,0,0
2001,3,8,4,1056.0,1055,1131.0,1147,AA,497,N259A1,155.0,172,136.0,-16.0,1.0,DFW,LAS,1055,6,13,0,0
2001,6,14,4,920.0,920,952.0,955,AQ,206,-N823A,32.0,35,22.0,-3.0,0.0,HNL,OGG,100,3,7,0,0
2001,3,12,1,1922.0,1920,2223.0,2230,DL,2442,N236æ1,181.0,190,167.0,-7.0,2.0,RSW,BOS,1249,5,9,0,0
2001,10,7,7,1232.0,1230,1507.0,1515,DL,981,-N998D,95.0,105,75.0,-8.0,2.0,MSP,CVG,596,9,11,0,0
2001,11,2,5,1507.0,1507,1733.0,1741,NW,1176,N325äâ,86.0,94,62.0,-8.0,0.0,MSP,IND,503,9,15,0,0
2001,8,20,1,902.0,905,938.0,947,US,1518,N888Aä,36.0,42,24.0,-9.0,-3.0,PIT,ERI,109,3,9,0,0
2001,11,16,5,1109.0,1108,1321.0,1329,US,560,N427äâ,132.0,141,118.0,-8.0,1.0,TPA,PIT,873,4,10,0,0
2001,6,4,1,1415.0,1415,1815.0,1820,WN,331,N786@@,180.0,185,169.0,-5.0,0.0,AUS,BWI,1342,3,8,0,0
2001,2,27,2,1442.0,1430,1708.0,1716,UA,618,N311ä1,86.0,106,71.0,-8.0,12.0,ORD,DCA,612,5,10,0,0
2001,1,24,3,756.0,800,1059.0,1109,NW,992,N314N2,183.0,189,159.0,-10.0,-4.0,MIA,DTW,1145,12,12,0,0
2001,2,18,7,853.0,900,1205.0,1225,NW,1708,N533äâ,132.0,145,94.0,-20.0,-7.0,EGE,MSP,788,4,34,0,0
2001,3,15,4,1231.0,1210,1245.0,1230,NW,1483,N89335,74.0,80,52.0,15.0,21.0,DTW,MSN,312,4,18,0,0
2001,5,27,7,845.0,850,1020.0,1045,CO,491,N12313,95.0,115,69.0,-25.0,-5.0,EWR,DTW,487,7,19,0,0
2001,5,5,6,1740.0,1744,1856.0,1912,UA,1067,N947ä1,76.0,88,62.0,-16.0,-4.0,ORD,MSP,334,5,9,0,0
2001,10,18,4,759.0,800,1042.0,1032,UA,809,N651ä1,283.0,272,251.0,10.0,-1.0,ORD,SFO,1846,9,23,0,0
2001,1,8,1,1350.0,1350,1448.0,1445,WN,25,N343@@,58.0,55,48.0,3.0,0.0,HOU,HRL,276,3,7,0,0
2001,7,9,1,617.0,620,825.0,837,CO,1773,N14336,188.0,197,167.0,-12.0,-3.0,PHL,IAH,1324,7,14,0,0
2001,2,15,4,1253.0,1225,1412.0,1347,UA,1429,N349ä1,139.0,142,122.0,25.0,28.0,STL,DEN,770,5,12,0,0
2001,7,27,5,1316.0,1315,1418.0,1432,DL,2137,N830æ1,62.0,77,48.0,-14.0,1.0,LIT,DFW,304,6,8,0,0
2001,5,1,2,650.0,650,851.0,753,AA,498,N473A1,121.0,63,42.0,58.0,0.0,LAX,LAS,236,8,71,0,0
2001,7,8,7,1323.0,1315,1616.0,1608,DL,1479,N685D1,173.0,173,134.0,8.0,8.0,BOS,ATL,946,4,35,0,0
2001,11,29,4,1400.0,1400,1733.0,1715,WN,1789,N399@@,153.0,135,130.0,18.0,0.0,STL,TPA,869,3,20,0,0
2001,8,13,1,1257.0,1250,1451.0,1436,DL,2104,-N920D,114.0,106,93.0,15.0,7.0,PBI,ATL,545,7,14,0,0
2001,2,19,1,1232.0,1235,1424.0,1438,DL,1007,-N986D,112.0,123,95.0,-14.0,-3.0,CVG,MCO,756,6,11,0,0
2001,8,18,6,801.0,758,1146.0,1158,AA,644,N207A1,165.0,180,140.0,-12.0,3.0,DFW,BWI,1217,7,18,0,0
2001,8,31,5,1601.0,1601,1931.0,1934,AA,1982,N246A1,150.0,153,120.0,-3.0,0.0,DEN,ORD,888,5,25,0,0
2001,6,25,1,848.0,850,1027.0,1033,DL,1709,N519D1,99.0,103,82.0,-6.0,-2.0,ORF,ATL,516,9,8,0,0
2001,8,29,3,1152.0,1150,1308.0,1258,US,1651,N562Aä,76.0,68,57.0,10.0,2.0,ROC,DCA,296,4,15,0,0
2001,1,9,2,758.0,803,959.0,956,MQ,3402,-N382M,121.0,113,95.0,3.0,-5.0,LFT,DFW,351,14,12,0,0
2001,1,7,7,50.0,2238,211.0,8,TW,233,N9625æ,81.0,90,66.0,123.0,132.0,STL,OKC,462,5,10,0,0
2001,1,2,2,2055.0,2005,2302.0,2220,WN,2165,N89@@@,67.0,75,60.0,42.0,50.0,ELP,SAT,496,2,5,0,0
2001,1,31,3,1001.0,1000,1208.0,1210,MQ,3715,-N545M,127.0,130,109.0,-2.0,1.0,DFW,HRL,461,4,14,0,0
2001,9,10,1,2215.0,1955,35.0,2233,US,1127,N811äâ,140.0,158,115.0,122.0,140.0,PHL,MCO,861,4,21,0,0
2001,6,3,7,1227.0,1230,1340.0,1339,CO,352,N33805,73.0,69,46.0,1.0,-3.0,EWR,BOS,200,13,14,0,0
2001,4,11,3,1944.0,1840,2228.0,2106,AA,851,N419A1,224.0,206,181.0,82.0,64.0,ORD,SLC,1249,4,39,0,0
2001,3,26,1,1940.0,1930,2050.0,2037,DL,244,-N138D,70.0,67,49.0,13.0,10.0,ATL,JAX,270,5,16,0,0
2001,3,14,3,1243.0,1233,1412.0,1408,AA,1779,N5CâA1,149.0,155,124.0,4.0,10.0,DFW,PHX,868,4,21,0,0
2001,5,11,5,659.0,700,1442.0,1449,CO,1922,N21723,283.0,289,251.0,-7.0,-1.0,PHX,EWR,2133,9,23,0,0
2001,12,13,4,1926.0,1720,2059.0,1857,NW,994,N312N2,93.0,97,71.0,122.0,126.0,DTW,PHL,453,5,17,0,0
2001,10,10,3,1949.0,1715,2223.0,1956,AA,2129,N720A1,154.0,161,125.0,147.0,154.0,MIA,SJU,1045,4,25,0,0
2001,2,2,5,1320.0,1319,1520.0,1521,UA,2118,N917ä1,120.0,122,100.0,-1.0,1.0,SFO,SEA,679,4,16,0,0
2001,1,6,6,1955.0,1935,2108.0,2050,WN,321,N643@@,73.0,75,61.0,18.0,20.0,BWI,MHT,377,4,8,0,0
2001,11,1,4,1700.0,1650,1827.0,1815,WN,1329,N703@@,87.0,85,67.0,12.0,10.0,MDW,MCI,405,4,16,0,0
2001,6,3,7,1602.0,1447,1754.0,1639,MQ,3314,-N219M,112.0,112,86.0,75.0,75.0,LFT,DFW,351,17,9,0,0
2001,12,7,5,1615.0,1615,1822.0,1810,WN,2132,N355@@,67.0,55,33.0,12.0,0.0,MDW,IND,162,9,25,0,0
2001,8,27,1,1513.0,1500,1617.0,1613,US,534,N529Aä,64.0,73,50.0,4.0,13.0,DCA,BUF,296,2,12,0,0
2001,4,19,4,600.0,605,739.0,749,UA,2155,N916ä1,99.0,104,86.0,-10.0,-5.0,PDX,SFO,550,4,9,0,0
2001,11,19,1,2053.0,2055,2242.0,2332,US,137,N168äæ,289.0,337,275.0,-50.0,-2.0,PIT,SFO,2254,5,9,0,0
2001,5,5,6,813.0,815,1056.0,1104,AA,1377,N2AåA1,163.0,169,137.0,-8.0,-2.0,ORD,IAH,925,11,15,0,0
2001,8,2,4,720.0,720,906.0,945,WN,425,N755@@,286.0,325,271.0,-39.0,0.0,PVD,PHX,2277,3,12,0,0
2001,8,26,7,1202.0,1058,1317.0,1223,HP,560,N901Aæ,255.0,265,239.0,54.0,64.0,MCO,PHX,1848,4,12,0,0
2001,10,24,3,1737.0,1735,1918.0,1931,DL,2210,N67071,101.0,116,84.0,-13.0,2.0,BWI,ATL,576,7,10,0,0
2001,2,9,5,1421.0,1417,1525.0,1513,MQ,4288,-N710M,64.0,56,45.0,12.0,4.0,LSE,ORD,215,9,10,0,0
2001,1,22,1,1036.0,1035,1222.0,1250,DL,1963,-N152D,286.0,315,267.0,-28.0,1.0,ATL,SFO,2139,5,14,0,0
2001,1,11,4,802.0,805,939.0,950,UA,562,N992ä1,97.0,105,81.0,-11.0,-3.0,ICT,ORD,588,5,11,0,0
2001,1,12,5,1340.0,1340,1435.0,1435,WN,2122,N391@@,55.0,55,40.0,0.0,0.0,BUR,LAS,223,3,12,0,0
2001,11,20,2,1725.0,1725,2051.0,2056,AA,2086,N516A1,146.0,151,126.0,-5.0,0.0,SJC,DEN,948,5,15,0,0
2001,8,11,6,2158.0,2042,2321.0,2211,AA,890,N2BKA1,83.0,89,61.0,70.0,76.0,DFW,MEM,432,3,19,0,0
2001,3,21,3,1301.0,1300,1415.0,1417,TW,612,N921L@,74.0,77,50.0,-2.0,1.0,STL,MKE,317,4,20,0,0
2001,12,30,7,814.0,815,1010.0,1033,US,1405,N338äâ,116.0,138,97.0,-23.0,-1.0,CLT,BOS,728,4,15,0,0
2001,12,22,6,102.0,50,518.0,513,AA,1258,N436A1,136.0,143,118.0,5.0,12.0,LAS,DFW,1055,3,15,0,0
2001,6,18,1,1401.0,1400,1946.0,1957,UA,1400,N336ä1,225.0,237,208.0,-11.0,1.0,SMF,ORD,1781,10,7,0,0
2001,5,22,2,653.0,701,959.0,956,AA,941,N868A1,186.0,175,152.0,3.0,-8.0,DTW,MIA,1145,16,18,0,0
2001,6,26,2,1916.0,1916,1937.0,1947,AA,1009,N633A1,141.0,151,112.0,-10.0,0.0,DFW,PHX,868,5,24,0,0
2001,4,7,6,2257.0,2205,115.0,36,NW,106,N366Næ,78.0,91,63.0,39.0,52.0,MSP,DTW,528,5,10,0,0
2001,10,12,5,804.0,810,900.0,916,CO,363,N17719,56.0,66,30.0,-16.0,-6.0,EWR,PVD,160,5,21,0,0
2001,10,17,3,1310.0,1310,1420.0,1425,WN,1905,N317@@,70.0,75,60.0,-5.0,0.0,ONT,SMF,389,5,5,0,0
2001,1,29,1,1138.0,1140,1440.0,1435,DL,2438,-N301D,182.0,175,158.0,5.0,-2.0,MCO,BOS,1121,7,17,0,0
2001,2,24,6,2000.0,1850,2018.0,1915,WN,399,N786@@,78.0,85,65.0,63.0,70.0,SLC,RNO,422,3,10,0,0
2001,1,23,2,846.0,850,1202.0,1214,DL,2110,N518D1,136.0,144,111.0,-12.0,-4.0,SLC,MCI,919,4,21,0,0
2001,1,21,7,1431.0,1434,1446.0,1445,UA,1627,N995ä1,75.0,71,50.0,1.0,-3.0,IND,ORD,177,5,20,0,0
2001,10,8,1,2010.0,2015,2132.0,2148,DL,1424,-N990D,82.0,93,64.0,-16.0,-5.0,ATL,RIC,481,6,12,0,0
2001,7,30,1,1410.0,1410,1647.0,1705,WN,1057,N356@@,97.0,115,88.0,-18.0,0.0,MDW,BWI,611,2,7,0,0
2001,4,16,1,1850.0,1855,2111.0,2135,NW,1260,N921Ræ,141.0,160,116.0,-24.0,-5.0,MSP,MSY,1040,3,22,0,0
2001,8,27,1,1506.0,1510,1559.0,1617,NW,1125,N89325,53.0,67,33.0,-18.0,-4.0,DTW,CMH,155,6,14,0,0
2001,10,7,7,822.0,825,926.0,950,MQ,4806,-N244M,64.0,85,50.0,-24.0,-3.0,BOS,JFK,187,4,10,0,0
2001,4,26,4,1004.0,1000,1243.0,1240,WN,2243,N316@@,99.0,100,86.0,3.0,4.0,SAN,ELP,636,3,10,0,0
2001,4,22,7,856.0,900,1037.0,1045,CO,1497,N12319,161.0,165,142.0,-8.0,-4.0,CMH,IAH,986,7,12,0,0
2001,2,26,1,725.0,600,929.0,812,NW,486,N507äâ,64.0,72,47.0,77.0,85.0,ORD,DTW,235,5,12,0,0
2001,4,7,6,1452.0,1452,1633.0,1644,HP,686,N812Aæ,101.0,112,84.0,-11.0,0.0,SJC,PHX,621,4,13,0,0
2001,8,27,1,2158.0,2200,616.0,624,AA,10,N307A1,318.0,324,294.0,-8.0,-2.0,LAX,JFK,2475,6,18,0,0
2001,2,12,1,515.0,515,617.0,630,MQ,4900,-N345M,62.0,75,45.0,-13.0,0.0,BGR,BOS,201,5,12,0,0
2001,3,2,5,2236.0,2233,2328.0,2319,MQ,3777,-N201M,52.0,46,22.0,9.0,3.0,DFW,ACT,89,3,27,0,0
2001,5,30,3,2004.0,2010,2117.0,2116,DL,689,-N116D,73.0,66,44.0,1.0,-6.0,PHX,LAS,256,7,22,0,0
2001,6,2,6,1401.0,1400,1638.0,1640,TW,278,N24041,97.0,100,72.0,-2.0,1.0,STL,PIT,553,11,14,0,0
2001,12,1,6,1338.0,1345,1446.0,1502,US,863,N869äâ,68.0,77,54.0,-16.0,-7.0,RIC,PIT,259,6,8,0,0
2001,10,31,3,954.0,1000,1052.0,1101,UA,851,N415ä1,118.0,121,92.0,-9.0,-6.0,IAD,ORD,589,5,21,0,0
2001,5,11,5,2133.0,2135,1.0,3,TW,54,N919ãæ,88.0,88,67.0,-2.0,-2.0,STL,CLE,487,6,15,0,0
2001,2,23,5,1441.0,1145,2021.0,1725,UA,352,N7284ä,220.0,220,192.0,176.0,176.0,SEA,ORD,1721,15,13,0,0
2001,3,26,1,1236.0,1240,1436.0,1442,CO,1993,N71314,180.0,182,161.0,-6.0,-4.0,CLE,IAH,1091,5,14,0,0
2001,6,11,1,1654.0,1658,1926.0,1944,AA,1312,N588A1,152.0,166,135.0,-18.0,-4.0,SAT,ORD,1041,7,10,0,0
2001,2,17,6,1458.0,1500,1736.0,1748,NW,760,N162äâ,98.0,108,67.0,-12.0,-2.0,MSP,DTW,528,12,19,0,0
2001,3,26,1,725.0,725,830.0,830,WN,1783,N375@@,65.0,65,51.0,0.0,0.0,LAX,SJC,308,2,12,0,0
2001,8,21,2,1812.0,1822,2047.0,2109,CO,1779,N17328,215.0,227,177.0,-22.0,-10.0,PHL,IAH,1324,6,32,0,0
2001,3,10,6,1213.0,1211,1451.0,1455,AA,1689,N846A1,218.0,224,194.0,-4.0,2.0,EWR,DFW,1372,11,13,0,0
2001,4,7,6,1553.0,1525,1702.0,1553,NW,1285,N775N3,129.0,88,110.0,69.0,28.0,GRR,MSP,408,6,13,0,0
2001,4,23,1,919.0,905,1145.0,1135,UA,1845,N7255ä,146.0,150,123.0,10.0,14.0,IAD,MIA,921,5,18,0,0
2001,4,25,3,2034.0,2000,2138.0,2049,MQ,3093,-N250M,64.0,49,47.0,49.0,34.0,SAN,LAX,109,6,11,0,0
2001,1,18,4,1607.0,1610,1918.0,1920,CO,457,N17321,191.0,190,160.0,-2.0,-3.0,LGA,FLL,1076,5,26,0,0
2001,1,7,7,1342.0,1330,1429.0,1425,WN,881,N682@@,107.0,115,97.0,4.0,12.0,BWI,BNA,588,4,6,0,0
2001,10,16,2,1825.0,1830,2039.0,2042,DL,1680,N805E1,74.0,72,52.0,-3.0,-5.0,PNS,ATL,272,7,15,0,0
2001,4,22,7,1819.0,1814,2028.0,2002,AA,2093,N2ABA1,129.0,108,101.0,26.0,5.0,OMA,DFW,583,19,9,0,0
2001,8,8,3,1200.0,1205,1251.0,1246,NW,1483,N917Ræ,51.0,41,22.0,5.0,-5.0,DTW,LAN,74,2,27,0,0
2001,7,7,6,1003.0,1005,1315.0,1324,DL,628,N511D1,132.0,139,115.0,-9.0,-2.0,SLC,OKC,866,4,13,0,0
2001,3,7,3,1655.0,1635,1758.0,1740,WN,1143,N341@@,123.0,125,112.0,18.0,20.0,MCI,ABQ,718,4,7,0,0
2001,8,6,1,1425.0,1425,1538.0,1549,AA,2473,N5EæA1,193.0,204,171.0,-11.0,0.0,DFW,SJC,1438,4,18,0,0
2001,2,5,1,910.0,910,1109.0,1135,WN,299,N789@@,239.0,265,221.0,-26.0,0.0,MSY,LAX,1671,12,6,0,0
2001,7,16,1,1755.0,1755,1906.0,1900,CO,1950,N38257,191.0,185,163.0,6.0,0.0,IAH,SAN,1303,4,24,0,0
2001,3,25,7,2041.0,2045,2317.0,2330,UA,632,N406ä1,96.0,105,79.0,-13.0,-4.0,ORD,DCA,612,4,13,0,0
2001,1,1,1,1220.0,1224,1422.0,1425,US,538,N589äâ,122.0,121,97.0,-3.0,-4.0,FLL,CLT,631,6,19,0,0
2001,4,20,5,1431.0,1403,1945.0,1945,AA,886,N584A1,194.0,222,167.0,0.0,28.0,SFO,DFW,1464,13,14,0,0
2001,8,22,3,1521.0,1515,1628.0,1619,NW,1719,N763Næ,67.0,64,40.0,9.0,6.0,DTW,TVC,207,5,22,0,0
2001,2,1,4,930.0,930,925.0,930,WN,276,N614@@,55.0,60,47.0,-5.0,0.0,SDF,MDW,271,3,5,0,0
2001,9,2,7,1325.0,1330,1544.0,1548,NW,1454,N958N@,79.0,78,52.0,-4.0,-5.0,MSN,DTW,312,19,8,0,0
2001,4,23,1,935.0,935,1038.0,1045,WN,1212,N674@@,63.0,70,52.0,-7.0,0.0,BUR,OAK,325,4,7,0,0
2001,8,10,5,1010.0,1005,1339.0,1324,DL,628,N501D1,149.0,139,110.0,15.0,5.0,SLC,OKC,866,5,34,0,0
2001,3,25,7,1050.0,1050,1444.0,1510,AA,712,N493A1,174.0,200,163.0,-26.0,0.0,DFW,LGA,1389,4,7,0,0
2001,12,27,4,2242.0,2230,2332.0,2325,US,2596,N767äæ,50.0,55,29.0,7.0,12.0,PIT,IAD,183,7,14,0,0
2001,1,12,5,1354.0,1145,1753.0,1605,WN,1501,N724@@,179.0,200,159.0,108.0,129.0,PHX,MDW,1444,4,16,0,0
2001,4,2,1,1233.0,1235,1519.0,1523,UA,286,N7279ä,106.0,108,84.0,-4.0,-2.0,DEN,MSP,680,3,19,0,0
2001,9,25,2,747.0,750,1009.0,1033,US,878,N740äæ,142.0,163,122.0,-24.0,-3.0,MIA,PIT,1013,4,16,0,0
2001,11,21,3,1609.0,1605,1947.0,1952,AA,905,N361A1,158.0,167,128.0,-5.0,4.0,DFW,MIA,1121,10,20,0,0
2001,3,26,1,1342.0,1343,1516.0,1518,NW,998,N722Ræ,94.0,95,72.0,-2.0,-1.0,DTW,PHL,453,6,16,0,0
2001,1,17,3,1452.0,1452,1628.0,1640,AA,1071,N2BâA1,96.0,108,79.0,-12.0,0.0,MEM,DFW,432,10,7,0,0
2001,6,29,5,1154.0,1200,1932.0,1947,UA,48,N664ä1,278.0,287,259.0,-15.0,-6.0,OGG,SFO,2338,3,16,0,0
2001,2,23,5,2135.0,2135,2250.0,2245,WN,1099,N332@@,75.0,70,62.0,5.0,0.0,BUR,SMF,358,3,10,0,0
2001,6,3,7,1659.0,1700,1807.0,1815,UA,888,N932ä1,68.0,75,55.0,-8.0,-1.0,LAX,SFO,337,2,11,0,0
2001,12,24,1,1550.0,1550,1838.0,1822,AA,1855,N418A1,168.0,152,122.0,16.0,0.0,MSP,DFW,852,7,39,0,0
2001,1,26,5,808.0,810,1037.0,1029,UA,461,N407ä1,269.0,259,248.0,8.0,-2.0,ORD,SAN,1723,4,17,0,0
2001,3,7,3,2037.0,2000,2351.0,2307,AA,342,N3CEA1,134.0,127,95.0,44.0,37.0,ORD,LGA,733,5,34,0,0
2001,4,14,6,1445.0,1450,1804.0,1816,UA,1492,N7274ä,139.0,146,121.0,-12.0,-5.0,SJC,DEN,948,6,12,0,0
2001,3,16,5,1919.0,1914,2156.0,2200,AA,672,N5DMA1,337.0,346,316.0,-4.0,5.0,MIA,LAX,2342,6,15,0,0
2001,5,18,5,857.0,905,1148.0,1156,NW,954,N532äâ,111.0,111,92.0,-8.0,-8.0,MEM,MCO,683,4,15,0,0
2001,8,12,7,1238.0,1219,1411.0,1400,AA,1493,N476A1,153.0,161,130.0,11.0,19.0,BOS,ORD,867,5,18,0,0
2001,5,28,1,1144.0,1150,1321.0,1340,NW,687,N1308ã,157.0,170,140.0,-19.0,-6.0,PHL,MSP,980,5,12,0,0
2001,4,27,5,1230.0,1230,1431.0,1423,NW,394,N781N3,121.0,113,86.0,8.0,0.0,DTW,BOS,632,12,23,0,0
2001,1,17,3,1635.0,1635,1919.0,1920,WN,2230,N754@@,164.0,165,152.0,-1.0,0.0,MDW,HOU,937,4,8,0,0
2001,3,29,4,1341.0,1345,2207.0,2206,UA,164,N615ä1,326.0,321,282.0,1.0,-4.0,LAX,BOS,2611,6,38,0,0
2001,7,27,5,1249.0,1250,1403.0,1408,DL,1291,-N986D,74.0,78,59.0,-5.0,-1.0,CVG,DCA,411,5,10,0,0
2001,4,16,1,1345.0,1350,1519.0,1541,NW,176,N604Næ,94.0,111,71.0,-22.0,-5.0,DTW,CLT,500,3,20,0,0
2001,3,31,6,906.0,909,1147.0,1157,US,2226,N558Aä,161.0,168,145.0,-10.0,-3.0,PIT,FLL,994,3,13,0,0
2001,1,21,7,622.0,615,805.0,754,DL,1123,N6705è,103.0,99,69.0,11.0,7.0,BWI,CVG,430,9,25,0,0
2001,4,21,6,1039.0,1045,1158.0,1214,US,1440,N767äæ,79.0,89,54.0,-16.0,-6.0,BOS,PHL,280,4,21,0,0
2001,7,5,4,841.0,840,1029.0,1035,MQ,4940,-N715M,108.0,115,82.0,-6.0,1.0,BOS,RIC,474,5,21,0,0
2001,2,11,7,2045.0,2045,2327.0,2331,UA,350,N941ä1,102.0,106,81.0,-4.0,0.0,ORD,CLT,599,4,17,0,0
2001,1,11,4,800.0,800,1032.0,1045,WN,2003,N728@@,92.0,105,79.0,-13.0,0.0,BNA,TPA,612,3,10,0,0
2001,10,19,5,738.0,740,1044.0,1033,DL,1149,-N958D,186.0,173,141.0,11.0,-2.0,PWM,ATL,1027,27,18,0,0
2001,3,9,5,1217.0,1220,1450.0,1450,CO,1285,N18220,333.0,330,313.0,0.0,-3.0,EWR,LAS,2227,6,14,0,0
2001,11,15,4,2026.0,2015,2236.0,2238,DL,525,-N631D,130.0,143,100.0,-2.0,11.0,EWR,ATL,745,10,20,0,0
2001,4,17,2,1044.0,1049,1112.0,1122,HP,893,N188Aæ,88.0,93,74.0,-10.0,-5.0,SLC,PHX,507,5,9,0,0
2001,7,22,7,1520.0,1525,1801.0,1802,US,266,N523Aä,101.0,97,84.0,-1.0,-5.0,BNA,DCA,562,5,12,0,0
2001,3,1,4,1821.0,1700,2009.0,1835,MQ,4994,-N728M,108.0,95,69.0,94.0,81.0,BOS,PHL,280,11,28,0,0
2001,11,2,5,2027.0,2026,2326.0,2333,AA,1206,N503A1,119.0,127,100.0,-7.0,1.0,ORD,PVD,849,6,13,0,0
2001,11,28,3,1202.0,1200,1346.0,1349,UA,1893,N504ä1,164.0,169,138.0,-3.0,2.0,MCO,ORD,1005,10,16,0,0
2001,12,19,3,1534.0,1514,1708.0,1650,AA,1021,N287A1,154.0,156,129.0,18.0,20.0,ORD,DEN,888,10,15,0,0
2001,3,22,4,828.0,825,926.0,937,MQ,3545,-N647M,58.0,72,40.0,-11.0,3.0,DFW,HOU,247,6,12,0,0
2001,5,24,4,1058.0,1100,1229.0,1235,DL,2276,N37403,91.0,95,65.0,-6.0,-2.0,DCA,BOS,399,14,12,0,0
2001,4,3,2,1304.0,1305,1544.0,1552,NW,880,N291äâ,100.0,107,87.0,-8.0,-1.0,MEM,TPA,656,3,10,0,0
2001,2,25,7,1511.0,1515,1548.0,1553,AQ,271,-N818A,37.0,38,27.0,-5.0,-4.0,KOA,HNL,163,4,6,0,0
2001,5,9,3,1300.0,1305,1443.0,1456,CO,1886,N14655,163.0,171,147.0,-13.0,-5.0,RDU,IAH,1043,7,9,0,0
2001,10,1,1,1900.0,1900,2113.0,2137,AA,1383,N3AKA1,253.0,277,221.0,-24.0,0.0,ORD,SJC,1829,12,20,0,0
2001,7,17,2,2109.0,2050,2210.0,2155,WN,56,N702@@,61.0,65,53.0,15.0,19.0,DAL,AMA,324,2,6,0,0
2001,8,3,5,1452.0,1455,2229.0,2229,DL,1006,N37474,277.0,274,253.0,0.0,-3.0,SJC,ATL,2116,13,11,0,0
2001,1,24,3,755.0,800,1105.0,1108,CO,1835,N17344,250.0,248,214.0,-3.0,-5.0,LGA,IAH,1416,9,27,0,0
2001,1,21,7,1308.0,1255,1415.0,1405,WN,395,N528@@,67.0,70,55.0,10.0,13.0,RNO,LAS,345,2,10,0,0
2001,12,1,6,1750.0,1750,1848.0,1855,WN,1192,N356@@,58.0,65,52.0,-7.0,0.0,BUR,SJC,296,2,4,0,0
2001,6,19,2,957.0,957,1136.0,1141,AS,300,N626Aâ,99.0,104,83.0,-5.0,0.0,PDX,SJC,569,5,11,0,0
2001,4,15,7,2159.0,2205,32.0,37,AA,575,N3ALA1,273.0,272,249.0,-5.0,-6.0,ORD,SFO,1846,4,20,0,0
2001,4,16,1,1643.0,1648,2004.0,2014,UA,268,N344ä1,141.0,146,125.0,-10.0,-5.0,PDX,DEN,992,7,9,0,0
2001,9,29,6,1735.0,1735,1743.0,1800,WN,2210,N364@@,128.0,145,117.0,-17.0,0.0,AUS,PHX,872,4,7,0,0
2001,1,6,6,726.0,720,1306.0,1310,UA,1500,N588ä1,220.0,230,201.0,-4.0,6.0,SAN,ORD,1723,6,13,0,0
2001,7,9,1,2043.0,2045,2227.0,2224,DL,836,-N648D,224.0,219,197.0,3.0,-2.0,CVG,SLC,1449,14,13,0,0
2001,12,9,7,42.0,55,557.0,559,DL,752,N3752@,195.0,184,170.0,-2.0,-13.0,SFO,DFW,1464,6,19,0,0
2001,5,13,7,1718.0,1700,2306.0,2246,UA,358,N414ä1,228.0,226,211.0,20.0,18.0,DEN,BOS,1754,6,11,0,0
2001,4,9,1,1048.0,1050,1419.0,1436,CO,1996,N72825,151.0,166,133.0,-17.0,-2.0,IAH,CLE,1091,3,15,0,0
2001,12,27,4,1752.0,1715,2040.0,2012,NW,1720,N787N3,108.0,117,82.0,28.0,37.0,MCI,DTW,629,11,15,0,0
2001,10,23,2,2208.0,2210,2303.0,2254,DL,1698,-N947æ,115.0,104,91.0,9.0,-2.0,SLC,PSC,521,6,18,0,0
2001,8,4,6,936.0,940,1041.0,1049,US,368,N725äæ,65.0,69,43.0,-8.0,-4.0,CLT,RIC,256,6,16,0,0
2001,7,5,4,1120.0,1120,1743.0,1710,WN,1814,N726@@,263.0,230,218.0,33.0,0.0,LAX,MSY,1671,2,43,0,0
2001,8,27,1,1523.0,1525,1818.0,1813,UA,1512,N812ä1,115.0,108,85.0,5.0,-2.0,DEN,DFW,641,13,17,0,0
2001,10,22,1,1302.0,1230,1602.0,1521,DL,2012,-N914D,120.0,111,91.0,41.0,32.0,SNA,SLC,588,4,25,0,0
2001,3,23,5,641.0,640,857.0,904,AA,2597,N2CKA1,136.0,144,116.0,-7.0,1.0,ORD,DAL,798,3,17,0,0
2001,8,21,2,805.0,800,1411.0,1410,UA,46,N544ä1,246.0,250,219.0,1.0,5.0,SFO,ORD,1846,10,17,0,0
2001,6,11,1,1053.0,1052,1615.0,1619,AA,2468,N554A1,202.0,207,177.0,-4.0,1.0,SJC,DFW,1438,11,14,0,0
2001,12,13,4,1730.0,1730,1923.0,1943,AA,2394,N2CGA1,113.0,133,96.0,-20.0,0.0,DFW,MDW,797,6,11,0,0
2001,1,26,5,1203.0,1209,1454.0,1449,AA,1050,N512A1,171.0,160,148.0,5.0,-6.0,TPA,LGA,1011,13,10,0,0
2001,3,26,1,806.0,800,1154.0,1108,AA,43,N5DAA1,408.0,368,328.0,46.0,6.0,EWR,LAX,2454,7,73,0,0
2001,11,1,4,2111.0,2115,2233.0,2235,US,2972,N251Aä,82.0,80,60.0,-2.0,-4.0,BWI,MHT,377,3,19,0,0
2001,8,9,4,645.0,650,808.0,815,NW,540,N89605,83.0,85,62.0,-7.0,-5.0,DTW,ABE,424,5,16,0,0
2001,10,30,2,1015.0,1015,1100.0,1100,WN,711,N698@@,165.0,165,155.0,0.0,0.0,SAT,LAS,1069,2,8,0,0
2001,8,15,3,729.0,730,828.0,841,DL,2130,N290æ1,59.0,71,44.0,-13.0,-1.0,DFW,LIT,304,5,10,0,0
2001,6,14,4,629.0,635,745.0,735,AA,1288,N2CAA1,76.0,60,55.0,10.0,-6.0,RST,ORD,268,5,16,0,0
2001,8,26,7,2329.0,2255,649.0,543,NW,1798,N536äâ,260.0,228,234.0,66.0,34.0,LAS,DTW,1750,12,14,0,0
2001,2,22,4,1539.0,1520,1632.0,1614,MQ,4219,-N645M,53.0,54,26.0,18.0,19.0,ORD,BMI,116,2,25,0,0
2001,8,29,3,1453.0,1450,1952.0,2003,AA,2450,N530A1,179.0,193,155.0,-11.0,3.0,LAX,DFW,1235,6,18,0,0
2001,2,27,2,1148.0,1152,1249.0,1254,CO,1625,N72830,61.0,62,43.0,-5.0,-4.0,IAH,MSY,305,3,15,0,0
2001,10,10,3,1039.0,1045,1316.0,1330,CO,1401,N13110,157.0,165,134.0,-14.0,-6.0,EWR,FLL,1065,4,19,0,0
2001,10,6,6,636.0,630,843.0,820,MQ,4417,-N709M,127.0,110,75.0,23.0,6.0,DTW,LGA,501,31,21,0,0
2001,3,26,1,1710.0,1710,1925.0,1915,WN,1282,N86@@@,75.0,65,60.0,10.0,0.0,LAS,PHX,256,5,10,0,0
2001,5,12,6,1622.0,1625,2012.0,2033,CO,388,N13665,170.0,188,147.0,-21.0,-3.0,MSY,EWR,1167,11,12,0,0
2001,6,21,4,2058.0,1925,2226.0,2113,AA,1887,N2BPA1,88.0,108,70.0,73.0,93.0,BOS,DCA,399,4,14,0,0
2001,5,31,4,746.0,748,858.0,906,AA,2078,N2AçA1,72.0,78,54.0,-8.0,-2.0,MSP,ORD,334,6,12,0,0
2001,10,31,3,2055.0,2055,2053.0,2112,NW,169,N288äâ,58.0,77,45.0,-19.0,0.0,DTW,ORD,235,5,8,0,0
2001,7,3,2,1740.0,1735,1847.0,1835,WN,1364,N631@@,67.0,60,43.0,12.0,5.0,PHX,LAS,256,7,17,0,0
2001,1,18,4,1602.0,1550,1708.0,1655,WN,1262,N618@@,66.0,65,44.0,13.0,12.0,STL,MDW,251,4,18,0,0
2001,4,1,7,1702.0,1710,1654.0,1712,UA,1099,N996ä1,52.0,62,37.0,-18.0,-8.0,MBS,ORD,222,5,10,0,0
2001,1,5,5,1837.0,1830,2213.0,2159,HP,277,N309Aæ,156.0,149,128.0,14.0,7.0,PHX,IAH,1009,3,25,0,0
2001,9,19,3,1130.0,1130,1209.0,1210,WN,604,N659@@,39.0,40,28.0,-1.0,0.0,HOU,AUS,148,4,7,0,0
2001,7,22,7,1834.0,1834,2204.0,2214,TW,152,N9412æ,150.0,160,133.0,-10.0,0.0,STL,BOS,1046,3,14,0,0
2001,5,1,2,1130.0,1130,1217.0,1215,WN,604,N352@@,47.0,45,34.0,2.0,0.0,HOU,AUS,148,3,10,0,0
2001,11,25,7,530.0,530,740.0,745,WN,68,N715@@,70.0,75,56.0,-5.0,0.0,LAX,PHX,370,3,11,0,0
2001,2,24,6,1519.0,1430,1643.0,1559,AA,2735,NR23A1,84.0,89,60.0,44.0,49.0,RNO,LAX,390,6,18,0,0
2001,7,10,2,2250.0,2240,33.0,14,US,292,N704äæ,103.0,94,78.0,19.0,10.0,CLT,PHL,448,10,15,0,0
2001,12,1,6,2110.0,2123,2211.0,2215,AA,765,N862A1,61.0,52,43.0,-4.0,-13.0,TPA,MIA,204,6,12,0,0
2001,4,20,5,722.0,725,1005.0,1032,AA,1643,N237A1,223.0,247,200.0,-27.0,-3.0,LGA,HOU,1428,7,16,0,0
